Province,Political Party,Votes,Deputy,Vote Strength
ADANA,MİLLET PARTİSİ,1442,0,0.0
ADANA,HAK VE ÖZGÜRLÜKLER PARTİSİ,907,0,0.0
ADANA,TÜRKİYE KOMÜNİST PARTİSİ,1424,0,0.0
ADANA,TÜRKİYE KOMÜNİST HAREKETİ,371,0,0.0
ADANA,SOL PARTİ,2387,0,0.0
ADANA,GENÇ PARTİ,4144,0,0.0
ADANA,MEMLEKET PARTİSİ,11120,0,0.0
ADANA,BÜYÜK BİRLİK PARTİSİ,12992,0,0.0
ADANA,ADALET VE KALKINMA PARTİSİ,440010,5,1.031086187435134
ADANA,YENİDEN REFAH PARTİSİ,25465,0,0.0
ADANA,MİLLİYETÇİ HAREKET PARTİSİ,157286,2,1.153791776339492
ADANA,YEŞİLLER VE SOL GELECEK PARTİSİ,138737,1,0.6540262991607623
ADANA,TÜRKİYE İŞÇİ PARTİSİ,32770,0,0.0
ADANA,ADALET BİRLİK PARTİSİ,1469,0,0.0
ADANA,ANAVATAN PARTİSİ,40,0,0.0
ADANA,YENİLİK PARTİSİ,4,0,0.0
ADANA,HALKIN KURTULUŞ PARTİSİ,887,0,0.0
ADANA,MİLLİ YOL PARTİSİ,7,0,0.0
ADANA,VATAN PARTİSİ,1836,0,0.0
ADANA,GÜÇ BİRLİĞİ PARTİSİ,23,0,0.0
ADANA,CUMHURİYET HALK PARTİSİ,408253,5,1.1112918541525314
ADANA,İYİ PARTİ,153214,2,1.1844563377585164
ADANA,ADALET PARTİSİ,92,0,0.0
ADANA,ZAFER PARTİSİ,29953,0,0.0
ADANA,BAĞIMSIZLAR,1018,0,0.0
ADIYAMAN,MİLLET PARTİSİ,522,0,0.0
ADIYAMAN,HAK VE ÖZGÜRLÜKLER PARTİSİ,395,0,0.0
ADIYAMAN,TÜRKİYE KOMÜNİST PARTİSİ,445,0,0.0
ADIYAMAN,TÜRKİYE KOMÜNİST HAREKETİ,118,0,0.0
ADIYAMAN,SOL PARTİ,930,0,0.0
ADIYAMAN,GENÇ PARTİ,346,0,0.0
ADIYAMAN,MEMLEKET PARTİSİ,1489,0,0.0
ADIYAMAN,BÜYÜK BİRLİK PARTİSİ,3192,0,0.0
ADIYAMAN,ADALET VE KALKINMA PARTİSİ,170133,4,2.1333344305141666
ADIYAMAN,YENİDEN REFAH PARTİSİ,15406,0,0.0
ADIYAMAN,MİLLİYETÇİ HAREKET PARTİSİ,14070,0,0.0
ADIYAMAN,YEŞİLLER VE SOL GELECEK PARTİSİ,39118,0,0.0
ADIYAMAN,TÜRKİYE İŞÇİ PARTİSİ,313,0,0.0
ADIYAMAN,ADALET BİRLİK PARTİSİ,14,0,0.0
ADIYAMAN,ANAVATAN PARTİSİ,9,0,0.0
ADIYAMAN,YENİLİK PARTİSİ,171,0,0.0
ADIYAMAN,HALKIN KURTULUŞ PARTİSİ,321,0,0.0
ADIYAMAN,MİLLİ YOL PARTİSİ,2,0,0.0
ADIYAMAN,VATAN PARTİSİ,311,0,0.0
ADIYAMAN,GÜÇ BİRLİĞİ PARTİSİ,262,0,0.0
ADIYAMAN,CUMHURİYET HALK PARTİSİ,60957,1,1.488551711315627
ADIYAMAN,İYİ PARTİ,385,0,0.0
ADIYAMAN,ADALET PARTİSİ,21,0,0.0
ADIYAMAN,ZAFER PARTİSİ,2061,0,0.0
ADIYAMAN,BAĞIMSIZLAR,14806,0,0.0
AFYONKARAHISAR,MİLLET PARTİSİ,842,0,0.0
AFYONKARAHISAR,HAK VE ÖZGÜRLÜKLER PARTİSİ,438,0,0.0
AFYONKARAHISAR,TÜRKİYE KOMÜNİST PARTİSİ,365,0,0.0
AFYONKARAHISAR,TÜRKİYE KOMÜNİST HAREKETİ,128,0,0.0
AFYONKARAHISAR,SOL PARTİ,150,0,0.0
AFYONKARAHISAR,GENÇ PARTİ,18,0,0.0
AFYONKARAHISAR,MEMLEKET PARTİSİ,3848,0,0.0
AFYONKARAHISAR,BÜYÜK BİRLİK PARTİSİ,5275,0,0.0
AFYONKARAHISAR,ADALET VE KALKINMA PARTİSİ,215288,3,1.2644129723904722
AFYONKARAHISAR,YENİDEN REFAH PARTİSİ,14353,0,0.0
AFYONKARAHISAR,MİLLİYETÇİ HAREKET PARTİSİ,78277,1,1.1591865639545034
AFYONKARAHISAR,YEŞİLLER VE SOL GELECEK PARTİSİ,3126,0,0.0
AFYONKARAHISAR,TÜRKİYE İŞÇİ PARTİSİ,1495,0,0.0
AFYONKARAHISAR,ADALET BİRLİK PARTİSİ,22,0,0.0
AFYONKARAHISAR,ANAVATAN PARTİSİ,14,0,0.0
AFYONKARAHISAR,YENİLİK PARTİSİ,135,0,0.0
AFYONKARAHISAR,HALKIN KURTULUŞ PARTİSİ,371,0,0.0
AFYONKARAHISAR,MİLLİ YOL PARTİSİ,3,0,0.0
AFYONKARAHISAR,VATAN PARTİSİ,421,0,0.0
AFYONKARAHISAR,GÜÇ BİRLİĞİ PARTİSİ,330,0,0.0
AFYONKARAHISAR,CUMHURİYET HALK PARTİSİ,91589,1,0.9907046333802823
AFYONKARAHISAR,İYİ PARTİ,60212,1,1.5069694855953408
AFYONKARAHISAR,ADALET PARTİSİ,31,0,0.0
AFYONKARAHISAR,ZAFER PARTİSİ,10764,0,0.0
AFYONKARAHISAR,BAĞIMSIZLAR,0,0,0
AGRI,MİLLET PARTİSİ,130,0,0.0
AGRI,HAK VE ÖZGÜRLÜKLER PARTİSİ,290,0,0.0
AGRI,TÜRKİYE KOMÜNİST PARTİSİ,291,0,0.0
AGRI,TÜRKİYE KOMÜNİST HAREKETİ,139,0,0.0
AGRI,SOL PARTİ,1370,0,0.0
AGRI,GENÇ PARTİ,196,0,0.0
AGRI,MEMLEKET PARTİSİ,1617,0,0.0
AGRI,BÜYÜK BİRLİK PARTİSİ,643,0,0.0
AGRI,ADALET VE KALKINMA PARTİSİ,55633,1,1.6310040203955685
AGRI,YENİDEN REFAH PARTİSİ,4320,0,0.0
AGRI,MİLLİYETÇİ HAREKET PARTİSİ,5667,0,0.0
AGRI,YEŞİLLER VE SOL GELECEK PARTİSİ,119411,3,2.2796303523126014
AGRI,TÜRKİYE İŞÇİ PARTİSİ,211,0,0.0
AGRI,ADALET BİRLİK PARTİSİ,10,0,0.0
AGRI,ANAVATAN PARTİSİ,6,0,0.0
AGRI,YENİLİK PARTİSİ,357,0,0.0
AGRI,HALKIN KURTULUŞ PARTİSİ,202,0,0.0
AGRI,MİLLİ YOL PARTİSİ,1,0,0.0
AGRI,VATAN PARTİSİ,247,0,0.0
AGRI,GÜÇ BİRLİĞİ PARTİSİ,4,0,0.0
AGRI,CUMHURİYET HALK PARTİSİ,24474,0,0.0
AGRI,İYİ PARTİ,3747,0,0.0
AGRI,ADALET PARTİSİ,480,0,0.0
AGRI,ZAFER PARTİSİ,72,0,0.0
AGRI,BAĞIMSIZLAR,57,0,0.0
AKSARAY,MİLLET PARTİSİ,383,0,0.0
AKSARAY,HAK VE ÖZGÜRLÜKLER PARTİSİ,226,0,0.0
AKSARAY,TÜRKİYE KOMÜNİST PARTİSİ,181,0,0.0
AKSARAY,TÜRKİYE KOMÜNİST HAREKETİ,61,0,0.0
AKSARAY,SOL PARTİ,285,0,0.0
AKSARAY,GENÇ PARTİ,328,0,0.0
AKSARAY,MEMLEKET PARTİSİ,1797,0,0.0
AKSARAY,BÜYÜK BİRLİK PARTİSİ,5416,0,0.0
AKSARAY,ADALET VE KALKINMA PARTİSİ,113634,2,1.5970157992619582
AKSARAY,YENİDEN REFAH PARTİSİ,6650,0,0.0
AKSARAY,MİLLİYETÇİ HAREKET PARTİSİ,54103,1,1.6771278240886214
AKSARAY,YEŞİLLER VE SOL GELECEK PARTİSİ,2344,0,0.0
AKSARAY,TÜRKİYE İŞÇİ PARTİSİ,880,0,0.0
AKSARAY,ADALET BİRLİK PARTİSİ,406,0,0.0
AKSARAY,ANAVATAN PARTİSİ,7,0,0.0
AKSARAY,YENİLİK PARTİSİ,109,0,0.0
AKSARAY,HALKIN KURTULUŞ PARTİSİ,201,0,0.0
AKSARAY,MİLLİ YOL PARTİSİ,159,0,0.0
AKSARAY,VATAN PARTİSİ,277,0,0.0
AKSARAY,GÜÇ BİRLİĞİ PARTİSİ,4,0,0.0
AKSARAY,CUMHURİYET HALK PARTİSİ,2039,0,0.0
AKSARAY,İYİ PARTİ,63590,1,1.426916915657598
AKSARAY,ADALET PARTİSİ,17,0,0.0
AKSARAY,ZAFER PARTİSİ,3464,0,0.0
AKSARAY,BAĞIMSIZLAR,3007,0,0.0
AMASYA,MİLLET PARTİSİ,164,0,0.0
AMASYA,HAK VE ÖZGÜRLÜKLER PARTİSİ,253,0,0.0
AMASYA,TÜRKİYE KOMÜNİST PARTİSİ,146,0,0.0
AMASYA,TÜRKİYE KOMÜNİST HAREKETİ,65,0,0.0
AMASYA,SOL PARTİ,151,0,0.0
AMASYA,GENÇ PARTİ,233,0,0.0
AMASYA,MEMLEKET PARTİSİ,1354,0,0.0
AMASYA,BÜYÜK BİRLİK PARTİSİ,1972,0,0.0
AMASYA,ADALET VE KALKINMA PARTİSİ,94568,2,1.9189926120181597
AMASYA,YENİDEN REFAH PARTİSİ,4273,0,0.0
AMASYA,MİLLİYETÇİ HAREKET PARTİSİ,40037,0,0.0
AMASYA,YEŞİLLER VE SOL GELECEK PARTİSİ,1572,0,0.0
AMASYA,TÜRKİYE İŞÇİ PARTİSİ,1078,0,0.0
AMASYA,ADALET BİRLİK PARTİSİ,11,0,0.0
AMASYA,ANAVATAN PARTİSİ,431,0,0.0
AMASYA,YENİLİK PARTİSİ,52,0,0.0
AMASYA,HALKIN KURTULUŞ PARTİSİ,160,0,0.0
AMASYA,MİLLİ YOL PARTİSİ,1,0,0.0
AMASYA,VATAN PARTİSİ,157,0,0.0
AMASYA,GÜÇ BİRLİĞİ PARTİSİ,155,0,0.0
AMASYA,CUMHURİYET HALK PARTİSİ,70732,1,1.2828372825123944
AMASYA,İYİ PARTİ,17001,0,0.0
AMASYA,ADALET PARTİSİ,764,0,0.0
AMASYA,ZAFER PARTİSİ,3588,0,0.0
AMASYA,BAĞIMSIZLAR,0,0,0
ANKARA-1,MİLLET PARTİSİ,1155,0,0.0
ANKARA-1,HAK VE ÖZGÜRLÜKLER PARTİSİ,493,0,0.0
ANKARA-1,TÜRKİYE KOMÜNİST PARTİSİ,3652,0,0.0
ANKARA-1,TÜRKİYE KOMÜNİST HAREKETİ,572,0,0.0
ANKARA-1,SOL PARTİ,1517,0,0.0
ANKARA-1,GENÇ PARTİ,2074,0,0.0
ANKARA-1,MEMLEKET PARTİSİ,13355,0,0.0
ANKARA-1,BÜYÜK BİRLİK PARTİSİ,12083,0,0.0
ANKARA-1,ADALET VE KALKINMA PARTİSİ,351917,4,1.031352809516638
ANKARA-1,YENİDEN REFAH PARTİSİ,27310,0,0.0
ANKARA-1,MİLLİYETÇİ HAREKET PARTİSİ,115843,1,0.7832812225742312
ANKARA-1,YEŞİLLER VE SOL GELECEK PARTİSİ,58516,0,0.0
ANKARA-1,TÜRKİYE İŞÇİ PARTİSİ,1353,0,0.0
ANKARA-1,ADALET BİRLİK PARTİSİ,1174,0,0.0
ANKARA-1,ANAVATAN PARTİSİ,1849,0,0.0
ANKARA-1,YENİLİK PARTİSİ,4,0,0.0
ANKARA-1,HALKIN KURTULUŞ PARTİSİ,515,0,0.0
ANKARA-1,MİLLİ YOL PARTİSİ,630,0,0.0
ANKARA-1,VATAN PARTİSİ,1324,0,0.0
ANKARA-1,GÜÇ BİRLİĞİ PARTİSİ,800,0,0.0
ANKARA-1,CUMHURİYET HALK PARTİSİ,584966,6,0.9306966216839954
ANKARA-1,İYİ PARTİ,182215,2,0.9959404732504642
ANKARA-1,ADALET PARTİSİ,2624,0,0.0
ANKARA-1,ZAFER PARTİSİ,41758,0,0.0
ANKARA-1,BAĞIMSIZLAR,562,0,0.0
ANKARA-2,MİLLET PARTİSİ,1193,0,0.0
ANKARA-2,HAK VE ÖZGÜRLÜKLER PARTİSİ,467,0,0.0
ANKARA-2,TÜRKİYE KOMÜNİST PARTİSİ,910,0,0.0
ANKARA-2,TÜRKİYE KOMÜNİST HAREKETİ,223,0,0.0
ANKARA-2,SOL PARTİ,790,0,0.0
ANKARA-2,GENÇ PARTİ,2129,0,0.0
ANKARA-2,MEMLEKET PARTİSİ,11128,0,0.0
ANKARA-2,BÜYÜK BİRLİK PARTİSİ,16560,0,0.0
ANKARA-2,ADALET VE KALKINMA PARTİSİ,496462,6,1.0966113821400227
ANKARA-2,YENİDEN REFAH PARTİSİ,41128,0,0.0
ANKARA-2,MİLLİYETÇİ HAREKET PARTİSİ,142504,1,0.6367375418701697
ANKARA-2,YEŞİLLER VE SOL GELECEK PARTİSİ,29101,0,0.0
ANKARA-2,TÜRKİYE İŞÇİ PARTİSİ,14241,0,0.0
ANKARA-2,ADALET BİRLİK PARTİSİ,1162,0,0.0
ANKARA-2,ANAVATAN PARTİSİ,1969,0,0.0
ANKARA-2,YENİLİK PARTİSİ,140,0,0.0
ANKARA-2,HALKIN KURTULUŞ PARTİSİ,355,0,0.0
ANKARA-2,MİLLİ YOL PARTİSİ,662,0,0.0
ANKARA-2,VATAN PARTİSİ,663,0,0.0
ANKARA-2,GÜÇ BİRLİĞİ PARTİSİ,567,0,0.0
ANKARA-2,CUMHURİYET HALK PARTİSİ,245923,3,1.106903136347556
ANKARA-2,İYİ PARTİ,136566,1,0.664423404556527
ANKARA-2,ADALET PARTİSİ,2908,0,0.0
ANKARA-2,ZAFER PARTİSİ,40735,0,0.0
ANKARA-2,BAĞIMSIZLAR,189,0,0.0
ANKARA-3,MİLLET PARTİSİ,1361,0,0.0
ANKARA-3,HAK VE ÖZGÜRLÜKLER PARTİSİ,453,0,0.0
ANKARA-3,TÜRKİYE KOMÜNİST PARTİSİ,1305,0,0.0
ANKARA-3,TÜRKİYE KOMÜNİST HAREKETİ,301,0,0.0
ANKARA-3,SOL PARTİ,895,0,0.0
ANKARA-3,GENÇ PARTİ,2566,0,0.0
ANKARA-3,MEMLEKET PARTİSİ,14601,0,0.0
ANKARA-3,BÜYÜK BİRLİK PARTİSİ,21483,0,0.0
ANKARA-3,ADALET VE KALKINMA PARTİSİ,444093,5,1.0216063602293515
ANKARA-3,YENİDEN REFAH PARTİSİ,37496,0,0.0
ANKARA-3,MİLLİYETÇİ HAREKET PARTİSİ,148835,1,0.6096526130726421
ANKARA-3,YEŞİLLER VE SOL GELECEK PARTİSİ,37404,0,0.0
ANKARA-3,TÜRKİYE İŞÇİ PARTİSİ,34023,0,0.0
ANKARA-3,ADALET BİRLİK PARTİSİ,1123,0,0.0
ANKARA-3,ANAVATAN PARTİSİ,1817,0,0.0
ANKARA-3,YENİLİK PARTİSİ,200,0,0.0
ANKARA-3,HALKIN KURTULUŞ PARTİSİ,409,0,0.0
ANKARA-3,MİLLİ YOL PARTİSİ,642,0,0.0
ANKARA-3,VATAN PARTİSİ,1010,0,0.0
ANKARA-3,GÜÇ BİRLİĞİ PARTİSİ,700,0,0.0
ANKARA-3,CUMHURİYET HALK PARTİSİ,383304,4,0.9469000758318898
ANKARA-3,İYİ PARTİ,189824,2,0.9560186980220274
ANKARA-3,ADALET PARTİSİ,3274,0,0.0
ANKARA-3,ZAFER PARTİSİ,49716,0,0.0
ANKARA-3,BAĞIMSIZLAR,229,0,0.0
ANTALYA,MİLLET PARTİSİ,2053,0,0.0
ANTALYA,HAK VE ÖZGÜRLÜKLER PARTİSİ,1112,0,0.0
ANTALYA,TÜRKİYE KOMÜNİST PARTİSİ,2642,0,0.0
ANTALYA,TÜRKİYE KOMÜNİST HAREKETİ,629,0,0.0
ANTALYA,SOL PARTİ,1940,0,0.0
ANTALYA,GENÇ PARTİ,5689,0,0.0
ANTALYA,MEMLEKET PARTİSİ,22731,0,0.0
ANTALYA,BÜYÜK BİRLİK PARTİSİ,11393,0,0.0
ANTALYA,ADALET VE KALKINMA PARTİSİ,499580,6,1.0897671644181113
ANTALYA,YENİDEN REFAH PARTİSİ,21665,0,0.0
ANTALYA,MİLLİYETÇİ HAREKET PARTİSİ,172338,2,1.0530196087533412
ANTALYA,YEŞİLLER VE SOL GELECEK PARTİSİ,84269,1,1.076761877637882
ANTALYA,TÜRKİYE İŞÇİ PARTİSİ,78250,0,0.0
ANTALYA,ADALET BİRLİK PARTİSİ,1667,0,0.0
ANTALYA,ANAVATAN PARTİSİ,2366,0,0.0
ANTALYA,YENİLİK PARTİSİ,341,0,0.0
ANTALYA,HALKIN KURTULUŞ PARTİSİ,944,0,0.0
ANTALYA,MİLLİ YOL PARTİSİ,818,0,0.0
ANTALYA,VATAN PARTİSİ,1716,0,0.0
ANTALYA,GÜÇ BİRLİĞİ PARTİSİ,1642,0,0.0
ANTALYA,CUMHURİYET HALK PARTİSİ,555281,6,0.9804511229449594
ANTALYA,İYİ PARTİ,194341,2,0.9337982892613156
ANTALYA,ADALET PARTİSİ,5093,0,0.0
ANTALYA,ZAFER PARTİSİ,48115,0,0.0
ANTALYA,BAĞIMSIZLAR,1942,0,0.0
ARDAHAN,MİLLET PARTİSİ,47,0,0.0
ARDAHAN,HAK VE ÖZGÜRLÜKLER PARTİSİ,79,0,0.0
ARDAHAN,TÜRKİYE KOMÜNİST PARTİSİ,96,0,0.0
ARDAHAN,TÜRKİYE KOMÜNİST HAREKETİ,59,0,0.0
ARDAHAN,SOL PARTİ,387,0,0.0
ARDAHAN,GENÇ PARTİ,51,0,0.0
ARDAHAN,MEMLEKET PARTİSİ,258,0,0.0
ARDAHAN,BÜYÜK BİRLİK PARTİSİ,196,0,0.0
ARDAHAN,ADALET VE KALKINMA PARTİSİ,19489,1,4.655839020302051
ARDAHAN,YENİDEN REFAH PARTİSİ,558,0,0.0
ARDAHAN,MİLLİYETÇİ HAREKET PARTİSİ,1812,0,0.0
ARDAHAN,YEŞİLLER VE SOL GELECEK PARTİSİ,11931,0,0.0
ARDAHAN,TÜRKİYE İŞÇİ PARTİSİ,54,0,0.0
ARDAHAN,ADALET BİRLİK PARTİSİ,134,0,0.0
ARDAHAN,ANAVATAN PARTİSİ,187,0,0.0
ARDAHAN,YENİLİK PARTİSİ,45,0,0.0
ARDAHAN,HALKIN KURTULUŞ PARTİSİ,95,0,0.0
ARDAHAN,MİLLİ YOL PARTİSİ,35,0,0.0
ARDAHAN,VATAN PARTİSİ,56,0,0.0
ARDAHAN,GÜÇ BİRLİĞİ PARTİSİ,84,0,0.0
ARDAHAN,CUMHURİYET HALK PARTİSİ,16573,1,5.47502845994489
ARDAHAN,İYİ PARTİ,2716,0,0.0
ARDAHAN,ADALET PARTİSİ,197,0,0.0
ARDAHAN,ZAFER PARTİSİ,593,0,0.0
ARDAHAN,BAĞIMSIZLAR,25,0,0.0
ARTVIN,MİLLET PARTİSİ,116,0,0.0
ARTVIN,HAK VE ÖZGÜRLÜKLER PARTİSİ,151,0,0.0
ARTVIN,TÜRKİYE KOMÜNİST PARTİSİ,411,0,0.0
ARTVIN,TÜRKİYE KOMÜNİST HAREKETİ,80,0,0.0
ARTVIN,SOL PARTİ,468,0,0.0
ARTVIN,GENÇ PARTİ,165,0,0.0
ARTVIN,MEMLEKET PARTİSİ,1352,0,0.0
ARTVIN,BÜYÜK BİRLİK PARTİSİ,461,0,0.0
ARTVIN,ADALET VE KALKINMA PARTİSİ,43865,1,2.068565978950568
ARTVIN,YENİDEN REFAH PARTİSİ,2772,0,0.0
ARTVIN,MİLLİYETÇİ HAREKET PARTİSİ,11401,0,0.0
ARTVIN,YEŞİLLER VE SOL GELECEK PARTİSİ,1371,0,0.0
ARTVIN,TÜRKİYE İŞÇİ PARTİSİ,1830,0,0.0
ARTVIN,ADALET BİRLİK PARTİSİ,5,0,0.0
ARTVIN,ANAVATAN PARTİSİ,450,0,0.0
ARTVIN,YENİLİK PARTİSİ,28,0,0.0
ARTVIN,HALKIN KURTULUŞ PARTİSİ,153,0,0.0
ARTVIN,MİLLİ YOL PARTİSİ,1,0,0.0
ARTVIN,VATAN PARTİSİ,99,0,0.0
ARTVIN,GÜÇ BİRLİĞİ PARTİSİ,100,0,0.0
ARTVIN,CUMHURİYET HALK PARTİSİ,35257,1,2.573606565126547
ARTVIN,İYİ PARTİ,15386,0,0.0
ARTVIN,ADALET PARTİSİ,448,0,0.0
ARTVIN,ZAFER PARTİSİ,1387,0,0.0
ARTVIN,BAĞIMSIZLAR,249,0,0.0
AYDIN,MİLLET PARTİSİ,776,0,0.0
AYDIN,HAK VE ÖZGÜRLÜKLER PARTİSİ,720,0,0.0
AYDIN,TÜRKİYE KOMÜNİST PARTİSİ,1266,0,0.0
AYDIN,TÜRKİYE KOMÜNİST HAREKETİ,354,0,0.0
AYDIN,SOL PARTİ,1190,0,0.0
AYDIN,GENÇ PARTİ,2517,0,0.0
AYDIN,MEMLEKET PARTİSİ,9085,0,0.0
AYDIN,BÜYÜK BİRLİK PARTİSİ,6740,0,0.0
AYDIN,ADALET VE KALKINMA PARTİSİ,227985,3,1.1939949558084963
AYDIN,YENİDEN REFAH PARTİSİ,5943,0,0.0
AYDIN,MİLLİYETÇİ HAREKET PARTİSİ,68666,0,0.0
AYDIN,YEŞİLLER VE SOL GELECEK PARTİSİ,58127,0,0.0
AYDIN,TÜRKİYE İŞÇİ PARTİSİ,764,0,0.0
AYDIN,ADALET BİRLİK PARTİSİ,35,0,0.0
AYDIN,ANAVATAN PARTİSİ,1653,0,0.0
AYDIN,YENİLİK PARTİSİ,290,0,0.0
AYDIN,HALKIN KURTULUŞ PARTİSİ,551,0,0.0
AYDIN,MİLLİ YOL PARTİSİ,4,0,0.0
AYDIN,VATAN PARTİSİ,1487,0,0.0
AYDIN,GÜÇ BİRLİĞİ PARTİSİ,13,0,0.0
AYDIN,CUMHURİYET HALK PARTİSİ,282600,4,1.2843262090115592
AYDIN,İYİ PARTİ,102822,1,0.8824730764492683
AYDIN,ADALET PARTİSİ,2113,0,0.0
AYDIN,ZAFER PARTİSİ,17622,0,0.0
AYDIN,BAĞIMSIZLAR,1401,0,0.0
BALIKESIR,MİLLET PARTİSİ,1037,0,0.0
BALIKESIR,HAK VE ÖZGÜRLÜKLER PARTİSİ,1128,0,0.0
BALIKESIR,TÜRKİYE KOMÜNİST PARTİSİ,902,0,0.0
BALIKESIR,TÜRKİYE KOMÜNİST HAREKETİ,276,0,0.0
BALIKESIR,SOL PARTİ,745,0,0.0
BALIKESIR,GENÇ PARTİ,2479,0,0.0
BALIKESIR,MEMLEKET PARTİSİ,11041,0,0.0
BALIKESIR,BÜYÜK BİRLİK PARTİSİ,6271,0,0.0
BALIKESIR,ADALET VE KALKINMA PARTİSİ,316241,4,1.147702501151548
BALIKESIR,YENİDEN REFAH PARTİSİ,18921,0,0.0
BALIKESIR,MİLLİYETÇİ HAREKET PARTİSİ,74767,1,1.2136055568187392
BALIKESIR,YEŞİLLER VE SOL GELECEK PARTİSİ,20685,0,0.0
BALIKESIR,TÜRKİYE İŞÇİ PARTİSİ,11569,0,0.0
BALIKESIR,ADALET BİRLİK PARTİSİ,1004,0,0.0
BALIKESIR,ANAVATAN PARTİSİ,25,0,0.0
BALIKESIR,YENİLİK PARTİSİ,292,0,0.0
BALIKESIR,HALKIN KURTULUŞ PARTİSİ,662,0,0.0
BALIKESIR,MİLLİ YOL PARTİSİ,5,0,0.0
BALIKESIR,VATAN PARTİSİ,1664,0,0.0
BALIKESIR,GÜÇ BİRLİĞİ PARTİSİ,14,0,0.0
BALIKESIR,CUMHURİYET HALK PARTİSİ,287053,3,0.9483020208811613
BALIKESIR,İYİ PARTİ,133167,1,0.681382374512204
BALIKESIR,ADALET PARTİSİ,3321,0,0.0
BALIKESIR,ZAFER PARTİSİ,18716,0,0.0
BALIKESIR,BAĞIMSIZLAR,87,0,0.0
BARTIN,MİLLET PARTİSİ,256,0,0.0
BARTIN,HAK VE ÖZGÜRLÜKLER PARTİSİ,275,0,0.0
BARTIN,TÜRKİYE KOMÜNİST PARTİSİ,284,0,0.0
BARTIN,TÜRKİYE KOMÜNİST HAREKETİ,113,0,0.0
BARTIN,SOL PARTİ,126,0,0.0
BARTIN,GENÇ PARTİ,453,0,0.0
BARTIN,MEMLEKET PARTİSİ,1221,0,0.0
BARTIN,BÜYÜK BİRLİK PARTİSİ,627,0,0.0
BARTIN,ADALET VE KALKINMA PARTİSİ,50240,1,1.8060837314225053
BARTIN,YENİDEN REFAH PARTİSİ,2413,0,0.0
BARTIN,MİLLİYETÇİ HAREKET PARTİSİ,31932,0,0.0
BARTIN,YEŞİLLER VE SOL GELECEK PARTİSİ,869,0,0.0
BARTIN,TÜRKİYE İŞÇİ PARTİSİ,131,0,0.0
BARTIN,ADALET BİRLİK PARTİSİ,445,0,0.0
BARTIN,ANAVATAN PARTİSİ,513,0,0.0
BARTIN,YENİLİK PARTİSİ,106,0,0.0
BARTIN,HALKIN KURTULUŞ PARTİSİ,233,0,0.0
BARTIN,MİLLİ YOL PARTİSİ,1,0,0.0
BARTIN,VATAN PARTİSİ,232,0,0.0
BARTIN,GÜÇ BİRLİĞİ PARTİSİ,177,0,0.0
BARTIN,CUMHURİYET HALK PARTİSİ,42751,1,2.1224684022985816
BARTIN,İYİ PARTİ,161,0,0.0
BARTIN,ADALET PARTİSİ,692,0,0.0
BARTIN,ZAFER PARTİSİ,1974,0,0.0
BARTIN,BAĞIMSIZLAR,0,0,0
BATMAN,MİLLET PARTİSİ,157,0,0.0
BATMAN,HAK VE ÖZGÜRLÜKLER PARTİSİ,541,0,0.0
BATMAN,TÜRKİYE KOMÜNİST PARTİSİ,240,0,0.0
BATMAN,TÜRKİYE KOMÜNİST HAREKETİ,85,0,0.0
BATMAN,SOL PARTİ,1937,0,0.0
BATMAN,GENÇ PARTİ,12,0,0.0
BATMAN,MEMLEKET PARTİSİ,1201,0,0.0
BATMAN,BÜYÜK BİRLİK PARTİSİ,1055,0,0.0
BATMAN,ADALET VE KALKINMA PARTİSİ,98161,2,1.8487514729203385
BATMAN,YENİDEN REFAH PARTİSİ,3609,0,0.0
BATMAN,MİLLİYETÇİ HAREKET PARTİSİ,4953,0,0.0
BATMAN,YEŞİLLER VE SOL GELECEK PARTİSİ,194141,3,1.4021404031090807
BATMAN,TÜRKİYE İŞÇİ PARTİSİ,324,0,0.0
BATMAN,ADALET BİRLİK PARTİSİ,15,0,0.0
BATMAN,ANAVATAN PARTİSİ,9,0,0.0
BATMAN,YENİLİK PARTİSİ,406,0,0.0
BATMAN,HALKIN KURTULUŞ PARTİSİ,149,0,0.0
BATMAN,MİLLİ YOL PARTİSİ,2,0,0.0
BATMAN,VATAN PARTİSİ,132,0,0.0
BATMAN,GÜÇ BİRLİĞİ PARTİSİ,252,0,0.0
BATMAN,CUMHURİYET HALK PARTİSİ,28417,0,0.0
BATMAN,İYİ PARTİ,398,0,0.0
BATMAN,ADALET PARTİSİ,498,0,0.0
BATMAN,ZAFER PARTİSİ,110,0,0.0
BATMAN,BAĞIMSIZLAR,0,0,0
BAYBURT,MİLLET PARTİSİ,41,0,0.0
BAYBURT,HAK VE ÖZGÜRLÜKLER PARTİSİ,28,0,0.0
BAYBURT,TÜRKİYE KOMÜNİST PARTİSİ,36,0,0.0
BAYBURT,TÜRKİYE KOMÜNİST HAREKETİ,8,0,0.0
BAYBURT,SOL PARTİ,20,0,0.0
BAYBURT,GENÇ PARTİ,23,0,0.0
BAYBURT,MEMLEKET PARTİSİ,206,0,0.0
BAYBURT,BÜYÜK BİRLİK PARTİSİ,370,0,0.0
BAYBURT,ADALET VE KALKINMA PARTİSİ,30184,1,3.0061504991607033
BAYBURT,YENİDEN REFAH PARTİSİ,1482,0,0.0
BAYBURT,MİLLİYETÇİ HAREKET PARTİSİ,8363,0,0.0
BAYBURT,YEŞİLLER VE SOL GELECEK PARTİSİ,376,0,0.0
BAYBURT,TÜRKİYE İŞÇİ PARTİSİ,146,0,0.0
BAYBURT,ADALET BİRLİK PARTİSİ,57,0,0.0
BAYBURT,ANAVATAN PARTİSİ,106,0,0.0
BAYBURT,YENİLİK PARTİSİ,10,0,0.0
BAYBURT,HALKIN KURTULUŞ PARTİSİ,29,0,0.0
BAYBURT,MİLLİ YOL PARTİSİ,15,0,0.0
BAYBURT,VATAN PARTİSİ,18,0,0.0
BAYBURT,GÜÇ BİRLİĞİ PARTİSİ,28,0,0.0
BAYBURT,CUMHURİYET HALK PARTİSİ,399,0,0.0
BAYBURT,İYİ PARTİ,8040,0,0.0
BAYBURT,ADALET PARTİSİ,65,0,0.0
BAYBURT,ZAFER PARTİSİ,689,0,0.0
BAYBURT,BAĞIMSIZLAR,0,0,0
BILECIK,MİLLET PARTİSİ,199,0,0.0
BILECIK,HAK VE ÖZGÜRLÜKLER PARTİSİ,100,0,0.0
BILECIK,TÜRKİYE KOMÜNİST PARTİSİ,120,0,0.0
BILECIK,TÜRKİYE KOMÜNİST HAREKETİ,36,0,0.0
BILECIK,SOL PARTİ,114,0,0.0
BILECIK,GENÇ PARTİ,563,0,0.0
BILECIK,MEMLEKET PARTİSİ,1900,0,0.0
BILECIK,BÜYÜK BİRLİK PARTİSİ,1327,0,0.0
BILECIK,ADALET VE KALKINMA PARTİSİ,57827,1,1.569122497564575
BILECIK,YENİDEN REFAH PARTİSİ,5019,0,0.0
BILECIK,MİLLİYETÇİ HAREKET PARTİSİ,15965,0,0.0
BILECIK,YEŞİLLER VE SOL GELECEK PARTİSİ,4473,0,0.0
BILECIK,TÜRKİYE İŞÇİ PARTİSİ,1393,0,0.0
BILECIK,ADALET BİRLİK PARTİSİ,183,0,0.0
BILECIK,ANAVATAN PARTİSİ,389,0,0.0
BILECIK,YENİLİK PARTİSİ,36,0,0.0
BILECIK,HALKIN KURTULUŞ PARTİSİ,91,0,0.0
BILECIK,MİLLİ YOL PARTİSİ,1,0,0.0
BILECIK,VATAN PARTİSİ,173,0,0.0
BILECIK,GÜÇ BİRLİĞİ PARTİSİ,90,0,0.0
BILECIK,CUMHURİYET HALK PARTİSİ,41425,1,2.1904078857372764
BILECIK,İYİ PARTİ,18856,0,0.0
BILECIK,ADALET PARTİSİ,530,0,0.0
BILECIK,ZAFER PARTİSİ,3453,0,0.0
BILECIK,BAĞIMSIZLAR,771,0,0.0
BINGOL,MİLLET PARTİSİ,128,0,0.0
BINGOL,HAK VE ÖZGÜRLÜKLER PARTİSİ,203,0,0.0
BINGOL,TÜRKİYE KOMÜNİST PARTİSİ,139,0,0.0
BINGOL,TÜRKİYE KOMÜNİST HAREKETİ,64,0,0.0
BINGOL,SOL PARTİ,686,0,0.0
BINGOL,GENÇ PARTİ,114,0,0.0
BINGOL,MEMLEKET PARTİSİ,566,0,0.0
BINGOL,BÜYÜK BİRLİK PARTİSİ,820,0,0.0
BINGOL,ADALET VE KALKINMA PARTİSİ,58635,2,3.0949994599357606
BINGOL,YENİDEN REFAH PARTİSİ,14903,0,0.0
BINGOL,MİLLİYETÇİ HAREKET PARTİSİ,20341,0,0.0
BINGOL,YEŞİLLER VE SOL GELECEK PARTİSİ,35815,1,2.5335096095676857
BINGOL,TÜRKİYE İŞÇİ PARTİSİ,144,0,0.0
BINGOL,ADALET BİRLİK PARTİSİ,243,0,0.0
BINGOL,ANAVATAN PARTİSİ,199,0,0.0
BINGOL,YENİLİK PARTİSİ,39,0,0.0
BINGOL,HALKIN KURTULUŞ PARTİSİ,122,0,0.0
BINGOL,MİLLİ YOL PARTİSİ,1,0,0.0
BINGOL,VATAN PARTİSİ,97,0,0.0
BINGOL,GÜÇ BİRLİĞİ PARTİSİ,116,0,0.0
BINGOL,CUMHURİYET HALK PARTİSİ,8702,0,0.0
BINGOL,İYİ PARTİ,3018,0,0.0
BINGOL,ADALET PARTİSİ,347,0,0.0
BINGOL,ZAFER PARTİSİ,49,0,0.0
BINGOL,BAĞIMSIZLAR,4215,0,0.0
BITLIS,MİLLET PARTİSİ,184,0,0.0
BITLIS,HAK VE ÖZGÜRLÜKLER PARTİSİ,319,0,0.0
BITLIS,TÜRKİYE KOMÜNİST PARTİSİ,293,0,0.0
BITLIS,TÜRKİYE KOMÜNİST HAREKETİ,112,0,0.0
BITLIS,SOL PARTİ,1023,0,0.0
BITLIS,GENÇ PARTİ,239,0,0.0
BITLIS,MEMLEKET PARTİSİ,1095,0,0.0
BITLIS,BÜYÜK BİRLİK PARTİSİ,592,0,0.0
BITLIS,ADALET VE KALKINMA PARTİSİ,67037,1,1.3535457533401951
BITLIS,YENİDEN REFAH PARTİSİ,3737,0,0.0
BITLIS,MİLLİYETÇİ HAREKET PARTİSİ,6880,0,0.0
BITLIS,YEŞİLLER VE SOL GELECEK PARTİSİ,71418,2,2.5410301791331786
BITLIS,TÜRKİYE İŞÇİ PARTİSİ,172,0,0.0
BITLIS,ADALET BİRLİK PARTİSİ,475,0,0.0
BITLIS,ANAVATAN PARTİSİ,305,0,0.0
BITLIS,YENİLİK PARTİSİ,123,0,0.0
BITLIS,HALKIN KURTULUŞ PARTİSİ,159,0,0.0
BITLIS,MİLLİ YOL PARTİSİ,1,0,0.0
BITLIS,VATAN PARTİSİ,146,0,0.0
BITLIS,GÜÇ BİRLİĞİ PARTİSİ,195,0,0.0
BITLIS,CUMHURİYET HALK PARTİSİ,1410,0,0.0
BITLIS,İYİ PARTİ,23126,0,0.0
BITLIS,ADALET PARTİSİ,317,0,0.0
BITLIS,ZAFER PARTİSİ,58,0,0.0
BITLIS,BAĞIMSIZLAR,0,0,0
BOLU,MİLLET PARTİSİ,212,0,0.0
BOLU,HAK VE ÖZGÜRLÜKLER PARTİSİ,202,0,0.0
BOLU,TÜRKİYE KOMÜNİST PARTİSİ,198,0,0.0
BOLU,TÜRKİYE KOMÜNİST HAREKETİ,60,0,0.0
BOLU,SOL PARTİ,163,0,0.0
BOLU,GENÇ PARTİ,557,0,0.0
BOLU,MEMLEKET PARTİSİ,2160,0,0.0
BOLU,BÜYÜK BİRLİK PARTİSİ,1648,0,0.0
BOLU,ADALET VE KALKINMA PARTİSİ,80727,1,1.124006177198046
BOLU,YENİDEN REFAH PARTİSİ,7026,0,0.0
BOLU,MİLLİYETÇİ HAREKET PARTİSİ,50726,1,1.7887798499126024
BOLU,YEŞİLLER VE SOL GELECEK PARTİSİ,2446,0,0.0
BOLU,TÜRKİYE İŞÇİ PARTİSİ,1358,0,0.0
BOLU,ADALET BİRLİK PARTİSİ,374,0,0.0
BOLU,ANAVATAN PARTİSİ,701,0,0.0
BOLU,YENİLİK PARTİSİ,58,0,0.0
BOLU,HALKIN KURTULUŞ PARTİSİ,149,0,0.0
BOLU,MİLLİ YOL PARTİSİ,96,0,0.0
BOLU,VATAN PARTİSİ,196,0,0.0
BOLU,GÜÇ BİRLİĞİ PARTİSİ,129,0,0.0
BOLU,CUMHURİYET HALK PARTİSİ,47723,1,1.9013399548785002
BOLU,İYİ PARTİ,16195,0,0.0
BOLU,ADALET PARTİSİ,834,0,0.0
BOLU,ZAFER PARTİSİ,4154,0,0.0
BOLU,BAĞIMSIZLAR,0,0,0
BURDUR,MİLLET PARTİSİ,238,0,0.0
BURDUR,HAK VE ÖZGÜRLÜKLER PARTİSİ,244,0,0.0
BURDUR,TÜRKİYE KOMÜNİST PARTİSİ,182,0,0.0
BURDUR,TÜRKİYE KOMÜNİST HAREKETİ,63,0,0.0
BURDUR,SOL PARTİ,118,0,0.0
BURDUR,GENÇ PARTİ,356,0,0.0
BURDUR,MEMLEKET PARTİSİ,1404,0,0.0
BURDUR,BÜYÜK BİRLİK PARTİSİ,1281,0,0.0
BURDUR,ADALET VE KALKINMA PARTİSİ,67690,2,2.680976412074654
BURDUR,YENİDEN REFAH PARTİSİ,2249,0,0.0
BURDUR,MİLLİYETÇİ HAREKET PARTİSİ,25933,0,0.0
BURDUR,YEŞİLLER VE SOL GELECEK PARTİSİ,1718,0,0.0
BURDUR,TÜRKİYE İŞÇİ PARTİSİ,178,0,0.0
BURDUR,ADALET BİRLİK PARTİSİ,448,0,0.0
BURDUR,ANAVATAN PARTİSİ,359,0,0.0
BURDUR,YENİLİK PARTİSİ,58,0,0.0
BURDUR,HALKIN KURTULUŞ PARTİSİ,164,0,0.0
BURDUR,MİLLİ YOL PARTİSİ,1,0,0.0
BURDUR,VATAN PARTİSİ,253,0,0.0
BURDUR,GÜÇ BİRLİĞİ PARTİSİ,169,0,0.0
BURDUR,CUMHURİYET HALK PARTİSİ,57438,1,1.579749410959063
BURDUR,İYİ PARTİ,21049,0,0.0
BURDUR,ADALET PARTİSİ,803,0,0.0
BURDUR,ZAFER PARTİSİ,2656,0,0.0
BURDUR,BAĞIMSIZLAR,0,0,0
BURSA-1,MİLLET PARTİSİ,1339,0,0.0
BURSA-1,HAK VE ÖZGÜRLÜKLER PARTİSİ,702,0,0.0
BURSA-1,TÜRKİYE KOMÜNİST PARTİSİ,908,0,0.0
BURSA-1,TÜRKİYE KOMÜNİST HAREKETİ,247,0,0.0
BURSA-1,SOL PARTİ,878,0,0.0
BURSA-1,GENÇ PARTİ,4321,0,0.0
BURSA-1,MEMLEKET PARTİSİ,15592,0,0.0
BURSA-1,BÜYÜK BİRLİK PARTİSİ,9260,0,0.0
BURSA-1,ADALET VE KALKINMA PARTİSİ,405880,5,1.1177890838014521
BURSA-1,YENİDEN REFAH PARTİSİ,35061,0,0.0
BURSA-1,MİLLİYETÇİ HAREKET PARTİSİ,90922,1,0.9979724012523554
BURSA-1,YEŞİLLER VE SOL GELECEK PARTİSİ,37323,0,0.0
BURSA-1,TÜRKİYE İŞÇİ PARTİSİ,15715,0,0.0
BURSA-1,ADALET BİRLİK PARTİSİ,1097,0,0.0
BURSA-1,ANAVATAN PARTİSİ,1836,0,0.0
BURSA-1,YENİLİK PARTİSİ,183,0,0.0
BURSA-1,HALKIN KURTULUŞ PARTİSİ,551,0,0.0
BURSA-1,MİLLİ YOL PARTİSİ,314,0,0.0
BURSA-1,VATAN PARTİSİ,1660,0,0.0
BURSA-1,GÜÇ BİRLİĞİ PARTİSİ,18,0,0.0
BURSA-1,CUMHURİYET HALK PARTİSİ,306486,3,0.8881741417226237
BURSA-1,İYİ PARTİ,153262,1,0.5920426894250804
BURSA-1,ADALET PARTİSİ,3194,0,0.0
BURSA-1,ZAFER PARTİSİ,42569,0,0.0
BURSA-1,BAĞIMSIZLAR,716,0,0.0
BURSA-2,MİLLET PARTİSİ,1298,0,0.0
BURSA-2,HAK VE ÖZGÜRLÜKLER PARTİSİ,676,0,0.0
BURSA-2,TÜRKİYE KOMÜNİST PARTİSİ,1226,0,0.0
BURSA-2,TÜRKİYE KOMÜNİST HAREKETİ,316,0,0.0
BURSA-2,SOL PARTİ,1105,0,0.0
BURSA-2,GENÇ PARTİ,2865,0,0.0
BURSA-2,MEMLEKET PARTİSİ,13240,0,0.0
BURSA-2,BÜYÜK BİRLİK PARTİSİ,7183,0,0.0
BURSA-2,ADALET VE KALKINMA PARTİSİ,444626,5,1.0203816990759276
BURSA-2,YENİDEN REFAH PARTİSİ,42060,0,0.0
BURSA-2,MİLLİYETÇİ HAREKET PARTİSİ,96855,1,0.9368400874158967
BURSA-2,YEŞİLLER VE SOL GELECEK PARTİSİ,60021,0,0.0
BURSA-2,TÜRKİYE İŞÇİ PARTİSİ,1007,0,0.0
BURSA-2,ADALET BİRLİK PARTİSİ,1532,0,0.0
BURSA-2,ANAVATAN PARTİSİ,1853,0,0.0
BURSA-2,YENİLİK PARTİSİ,226,0,0.0
BURSA-2,HALKIN KURTULUŞ PARTİSİ,650,0,0.0
BURSA-2,MİLLİ YOL PARTİSİ,5,0,0.0
BURSA-2,VATAN PARTİSİ,1139,0,0.0
BURSA-2,GÜÇ BİRLİĞİ PARTİSİ,17,0,0.0
BURSA-2,CUMHURİYET HALK PARTİSİ,224468,3,1.2127026569488748
BURSA-2,İYİ PARTİ,105922,1,0.8566458966661002
BURSA-2,ADALET PARTİSİ,3069,0,0.0
BURSA-2,ZAFER PARTİSİ,36540,0,0.0
BURSA-2,BAĞIMSIZLAR,346,0,0.0
CANAKKALE,MİLLET PARTİSİ,412,0,0.0
CANAKKALE,HAK VE ÖZGÜRLÜKLER PARTİSİ,449,0,0.0
CANAKKALE,TÜRKİYE KOMÜNİST PARTİSİ,577,0,0.0
CANAKKALE,TÜRKİYE KOMÜNİST HAREKETİ,156,0,0.0
CANAKKALE,SOL PARTİ,273,0,0.0
CANAKKALE,GENÇ PARTİ,1204,0,0.0
CANAKKALE,MEMLEKET PARTİSİ,4221,0,0.0
CANAKKALE,BÜYÜK BİRLİK PARTİSİ,1774,0,0.0
CANAKKALE,ADALET VE KALKINMA PARTİSİ,129674,1,0.6997366215792423
CANAKKALE,YENİDEN REFAH PARTİSİ,3965,0,0.0
CANAKKALE,MİLLİYETÇİ HAREKET PARTİSİ,26775,0,0.0
CANAKKALE,YEŞİLLER VE SOL GELECEK PARTİSİ,8845,0,0.0
CANAKKALE,TÜRKİYE İŞÇİ PARTİSİ,5224,0,0.0
CANAKKALE,ADALET BİRLİK PARTİSİ,642,0,0.0
CANAKKALE,ANAVATAN PARTİSİ,894,0,0.0
CANAKKALE,YENİLİK PARTİSİ,89,0,0.0
CANAKKALE,HALKIN KURTULUŞ PARTİSİ,330,0,0.0
CANAKKALE,MİLLİ YOL PARTİSİ,126,0,0.0
CANAKKALE,VATAN PARTİSİ,466,0,0.0
CANAKKALE,GÜÇ BİRLİĞİ PARTİSİ,445,0,0.0
CANAKKALE,CUMHURİYET HALK PARTİSİ,142548,2,1.2730820027873653
CANAKKALE,İYİ PARTİ,65927,1,1.3763351383601055
CANAKKALE,ADALET PARTİSİ,1318,0,0.0
CANAKKALE,ZAFER PARTİSİ,8040,0,0.0
CANAKKALE,BAĞIMSIZLAR,0,0,0
CANKIRI,MİLLET PARTİSİ,152,0,0.0
CANKIRI,HAK VE ÖZGÜRLÜKLER PARTİSİ,181,0,0.0
CANKIRI,TÜRKİYE KOMÜNİST PARTİSİ,83,0,0.0
CANKIRI,TÜRKİYE KOMÜNİST HAREKETİ,34,0,0.0
CANKIRI,SOL PARTİ,127,0,0.0
CANKIRI,GENÇ PARTİ,167,0,0.0
CANKIRI,MEMLEKET PARTİSİ,606,0,0.0
CANKIRI,BÜYÜK BİRLİK PARTİSİ,1285,0,0.0
CANKIRI,ADALET VE KALKINMA PARTİSİ,54025,1,1.6795492210396423
CANKIRI,YENİDEN REFAH PARTİSİ,3801,0,0.0
CANKIRI,MİLLİYETÇİ HAREKET PARTİSİ,39385,1,2.303863061233126
CANKIRI,YEŞİLLER VE SOL GELECEK PARTİSİ,789,0,0.0
CANKIRI,TÜRKİYE İŞÇİ PARTİSİ,420,0,0.0
CANKIRI,ADALET BİRLİK PARTİSİ,6,0,0.0
CANKIRI,ANAVATAN PARTİSİ,279,0,0.0
CANKIRI,YENİLİK PARTİSİ,95,0,0.0
CANKIRI,HALKIN KURTULUŞ PARTİSİ,85,0,0.0
CANKIRI,MİLLİ YOL PARTİSİ,78,0,0.0
CANKIRI,VATAN PARTİSİ,150,0,0.0
CANKIRI,GÜÇ BİRLİĞİ PARTİSİ,2,0,0.0
CANKIRI,CUMHURİYET HALK PARTİSİ,1001,0,0.0
CANKIRI,İYİ PARTİ,22392,0,0.0
CANKIRI,ADALET PARTİSİ,350,0,0.0
CANKIRI,ZAFER PARTİSİ,1947,0,0.0
CANKIRI,BAĞIMSIZLAR,0,0,0
CORUM,MİLLET PARTİSİ,448,0,0.0
CORUM,HAK VE ÖZGÜRLÜKLER PARTİSİ,497,0,0.0
CORUM,TÜRKİYE KOMÜNİST PARTİSİ,307,0,0.0
CORUM,TÜRKİYE KOMÜNİST HAREKETİ,95,0,0.0
CORUM,SOL PARTİ,163,0,0.0
CORUM,GENÇ PARTİ,475,0,0.0
CORUM,MEMLEKET PARTİSİ,2063,0,0.0
CORUM,BÜYÜK BİRLİK PARTİSİ,2839,0,0.0
CORUM,ADALET VE KALKINMA PARTİSİ,147473,2,1.23056622794229
CORUM,YENİDEN REFAH PARTİSİ,11970,0,0.0
CORUM,MİLLİYETÇİ HAREKET PARTİSİ,73737,1,1.2305578836495474
CORUM,YEŞİLLER VE SOL GELECEK PARTİSİ,2646,0,0.0
CORUM,TÜRKİYE İŞÇİ PARTİSİ,1625,0,0.0
CORUM,ADALET BİRLİK PARTİSİ,16,0,0.0
CORUM,ANAVATAN PARTİSİ,713,0,0.0
CORUM,YENİLİK PARTİSİ,104,0,0.0
CORUM,HALKIN KURTULUŞ PARTİSİ,257,0,0.0
CORUM,MİLLİ YOL PARTİSİ,187,0,0.0
CORUM,VATAN PARTİSİ,669,0,0.0
CORUM,GÜÇ BİRLİĞİ PARTİSİ,6,0,0.0
CORUM,CUMHURİYET HALK PARTİSİ,112593,1,0.8058906563167041
CORUM,İYİ PARTİ,433,0,0.0
CORUM,ADALET PARTİSİ,1394,0,0.0
CORUM,ZAFER PARTİSİ,5554,0,0.0
CORUM,BAĞIMSIZLAR,0,0,0
DENIZLI,MİLLET PARTİSİ,1041,0,0.0
DENIZLI,HAK VE ÖZGÜRLÜKLER PARTİSİ,628,0,0.0
DENIZLI,TÜRKİYE KOMÜNİST PARTİSİ,543,0,0.0
DENIZLI,TÜRKİYE KOMÜNİST HAREKETİ,203,0,0.0
DENIZLI,SOL PARTİ,659,0,0.0
DENIZLI,GENÇ PARTİ,2841,0,0.0
DENIZLI,MEMLEKET PARTİSİ,10091,0,0.0
DENIZLI,BÜYÜK BİRLİK PARTİSİ,10455,0,0.0
DENIZLI,ADALET VE KALKINMA PARTİSİ,249278,3,1.0920054718025658
DENIZLI,YENİDEN REFAH PARTİSİ,9947,0,0.0
DENIZLI,MİLLİYETÇİ HAREKET PARTİSİ,62060,0,0.0
DENIZLI,YEŞİLLER VE SOL GELECEK PARTİSİ,19186,0,0.0
DENIZLI,TÜRKİYE İŞÇİ PARTİSİ,7881,0,0.0
DENIZLI,ADALET BİRLİK PARTİSİ,33,0,0.0
DENIZLI,ANAVATAN PARTİSİ,20,0,0.0
DENIZLI,YENİLİK PARTİSİ,272,0,0.0
DENIZLI,HALKIN KURTULUŞ PARTİSİ,490,0,0.0
DENIZLI,MİLLİ YOL PARTİSİ,4,0,0.0
DENIZLI,VATAN PARTİSİ,1060,0,0.0
DENIZLI,GÜÇ BİRLİĞİ PARTİSİ,637,0,0.0
DENIZLI,CUMHURİYET HALK PARTİSİ,233993,3,1.1633379631014604
DENIZLI,İYİ PARTİ,103121,1,0.8799143401117782
DENIZLI,ADALET PARTİSİ,47,0,0.0
DENIZLI,ZAFER PARTİSİ,18741,0,0.0
DENIZLI,BAĞIMSIZLAR,267,0,0.0
DIYARBAKIR,MİLLET PARTİSİ,523,0,0.0
DIYARBAKIR,HAK VE ÖZGÜRLÜKLER PARTİSİ,1814,0,0.0
DIYARBAKIR,TÜRKİYE KOMÜNİST PARTİSİ,1047,0,0.0
DIYARBAKIR,TÜRKİYE KOMÜNİST HAREKETİ,357,0,0.0
DIYARBAKIR,SOL PARTİ,5285,0,0.0
DIYARBAKIR,GENÇ PARTİ,909,0,0.0
DIYARBAKIR,MEMLEKET PARTİSİ,4086,0,0.0
DIYARBAKIR,BÜYÜK BİRLİK PARTİSİ,2096,0,0.0
DIYARBAKIR,ADALET VE KALKINMA PARTİSİ,215076,3,1.265659301828191
DIYARBAKIR,YENİDEN REFAH PARTİSİ,14395,0,0.0
DIYARBAKIR,MİLLİYETÇİ HAREKET PARTİSİ,13739,0,0.0
DIYARBAKIR,YEŞİLLER VE SOL GELECEK PARTİSİ,564336,8,1.2862925160424523
DIYARBAKIR,TÜRKİYE İŞÇİ PARTİSİ,891,0,0.0
DIYARBAKIR,ADALET BİRLİK PARTİSİ,41,0,0.0
DIYARBAKIR,ANAVATAN PARTİSİ,26,0,0.0
DIYARBAKIR,YENİLİK PARTİSİ,1153,0,0.0
DIYARBAKIR,HALKIN KURTULUŞ PARTİSİ,631,0,0.0
DIYARBAKIR,MİLLİ YOL PARTİSİ,368,0,0.0
DIYARBAKIR,VATAN PARTİSİ,616,0,0.0
DIYARBAKIR,GÜÇ BİRLİĞİ PARTİSİ,739,0,0.0
DIYARBAKIR,CUMHURİYET HALK PARTİSİ,76301,1,1.1892065197922266
DIYARBAKIR,İYİ PARTİ,21112,0,0.0
DIYARBAKIR,ADALET PARTİSİ,60,0,0.0
DIYARBAKIR,ZAFER PARTİSİ,302,0,0.0
DIYARBAKIR,BAĞIMSIZLAR,1604,0,0.0
DUZCE,MİLLET PARTİSİ,394,0,0.0
DUZCE,HAK VE ÖZGÜRLÜKLER PARTİSİ,248,0,0.0
DUZCE,TÜRKİYE KOMÜNİST PARTİSİ,236,0,0.0
DUZCE,TÜRKİYE KOMÜNİST HAREKETİ,75,0,0.0
DUZCE,SOL PARTİ,138,0,0.0
DUZCE,GENÇ PARTİ,779,0,0.0
DUZCE,MEMLEKET PARTİSİ,3029,0,0.0
DUZCE,BÜYÜK BİRLİK PARTİSİ,2468,0,0.0
DUZCE,ADALET VE KALKINMA PARTİSİ,136054,2,1.333847540927377
DUZCE,YENİDEN REFAH PARTİSİ,10517,0,0.0
DUZCE,MİLLİYETÇİ HAREKET PARTİSİ,44273,0,0.0
DUZCE,YEŞİLLER VE SOL GELECEK PARTİSİ,3459,0,0.0
DUZCE,TÜRKİYE İŞÇİ PARTİSİ,1418,0,0.0
DUZCE,ADALET BİRLİK PARTİSİ,394,0,0.0
DUZCE,ANAVATAN PARTİSİ,856,0,0.0
DUZCE,YENİLİK PARTİSİ,68,0,0.0
DUZCE,HALKIN KURTULUŞ PARTİSİ,214,0,0.0
DUZCE,MİLLİ YOL PARTİSİ,138,0,0.0
DUZCE,VATAN PARTİSİ,317,0,0.0
DUZCE,GÜÇ BİRLİĞİ PARTİSİ,150,0,0.0
DUZCE,CUMHURİYET HALK PARTİSİ,62129,1,1.4604717067177433
DUZCE,İYİ PARTİ,325,0,0.0
DUZCE,ADALET PARTİSİ,1003,0,0.0
DUZCE,ZAFER PARTİSİ,5874,0,0.0
DUZCE,BAĞIMSIZLAR,171,0,0.0
EDIRNE,MİLLET PARTİSİ,372,0,0.0
EDIRNE,HAK VE ÖZGÜRLÜKLER PARTİSİ,378,0,0.0
EDIRNE,TÜRKİYE KOMÜNİST PARTİSİ,272,0,0.0
EDIRNE,TÜRKİYE KOMÜNİST HAREKETİ,111,0,0.0
EDIRNE,SOL PARTİ,433,0,0.0
EDIRNE,GENÇ PARTİ,1603,0,0.0
EDIRNE,MEMLEKET PARTİSİ,2580,0,0.0
EDIRNE,BÜYÜK BİRLİK PARTİSİ,710,0,0.0
EDIRNE,ADALET VE KALKINMA PARTİSİ,69383,1,1.3077792350671875
EDIRNE,YENİDEN REFAH PARTİSİ,1995,0,0.0
EDIRNE,MİLLİYETÇİ HAREKET PARTİSİ,22515,0,0.0
EDIRNE,YEŞİLLER VE SOL GELECEK PARTİSİ,5972,0,0.0
EDIRNE,TÜRKİYE İŞÇİ PARTİSİ,3227,0,0.0
EDIRNE,ADALET BİRLİK PARTİSİ,313,0,0.0
EDIRNE,ANAVATAN PARTİSİ,533,0,0.0
EDIRNE,YENİLİK PARTİSİ,91,0,0.0
EDIRNE,HALKIN KURTULUŞ PARTİSİ,351,0,0.0
EDIRNE,MİLLİ YOL PARTİSİ,287,0,0.0
EDIRNE,VATAN PARTİSİ,507,0,0.0
EDIRNE,GÜÇ BİRLİĞİ PARTİSİ,5,0,0.0
EDIRNE,CUMHURİYET HALK PARTİSİ,114665,2,1.5826563758194159
EDIRNE,İYİ PARTİ,59583,1,1.522878114003435
EDIRNE,ADALET PARTİSİ,736,0,0.0
EDIRNE,ZAFER PARTİSİ,4350,0,0.0
EDIRNE,BAĞIMSIZLAR,212,0,0.0
ELAZIG,MİLLET PARTİSİ,157,0,0.0
ELAZIG,HAK VE ÖZGÜRLÜKLER PARTİSİ,346,0,0.0
ELAZIG,TÜRKİYE KOMÜNİST PARTİSİ,217,0,0.0
ELAZIG,TÜRKİYE KOMÜNİST HAREKETİ,104,0,0.0
ELAZIG,SOL PARTİ,523,0,0.0
ELAZIG,GENÇ PARTİ,190,0,0.0
ELAZIG,MEMLEKET PARTİSİ,885,0,0.0
ELAZIG,BÜYÜK BİRLİK PARTİSİ,1467,0,0.0
ELAZIG,ADALET VE KALKINMA PARTİSİ,148896,3,1.828208548248442
ELAZIG,YENİDEN REFAH PARTİSİ,13325,0,0.0
ELAZIG,MİLLİYETÇİ HAREKET PARTİSİ,42286,1,2.1458082265209923
ELAZIG,YEŞİLLER VE SOL GELECEK PARTİSİ,26290,0,0.0
ELAZIG,TÜRKİYE İŞÇİ PARTİSİ,354,0,0.0
ELAZIG,ADALET BİRLİK PARTİSİ,16,0,0.0
ELAZIG,ANAVATAN PARTİSİ,719,0,0.0
ELAZIG,YENİLİK PARTİSİ,67,0,0.0
ELAZIG,HALKIN KURTULUŞ PARTİSİ,225,0,0.0
ELAZIG,MİLLİ YOL PARTİSİ,111,0,0.0
ELAZIG,VATAN PARTİSİ,468,0,0.0
ELAZIG,GÜÇ BİRLİĞİ PARTİSİ,6,0,0.0
ELAZIG,CUMHURİYET HALK PARTİSİ,76367,1,1.188178750856609
ELAZIG,İYİ PARTİ,8868,0,0.0
ELAZIG,ADALET PARTİSİ,24,0,0.0
ELAZIG,ZAFER PARTİSİ,2072,0,0.0
ELAZIG,BAĞIMSIZLAR,44700,0,0.0
ERZINCAN,MİLLET PARTİSİ,63,0,0.0
ERZINCAN,HAK VE ÖZGÜRLÜKLER PARTİSİ,77,0,0.0
ERZINCAN,TÜRKİYE KOMÜNİST PARTİSİ,47,0,0.0
ERZINCAN,TÜRKİYE KOMÜNİST HAREKETİ,28,0,0.0
ERZINCAN,SOL PARTİ,82,0,0.0
ERZINCAN,GENÇ PARTİ,77,0,0.0
ERZINCAN,MEMLEKET PARTİSİ,472,0,0.0
ERZINCAN,BÜYÜK BİRLİK PARTİSİ,578,0,0.0
ERZINCAN,ADALET VE KALKINMA PARTİSİ,60389,1,1.502552562000806
ERZINCAN,YENİDEN REFAH PARTİSİ,2262,0,0.0
ERZINCAN,MİLLİYETÇİ HAREKET PARTİSİ,30669,0,0.0
ERZINCAN,YEŞİLLER VE SOL GELECEK PARTİSİ,2076,0,0.0
ERZINCAN,TÜRKİYE İŞÇİ PARTİSİ,518,0,0.0
ERZINCAN,ADALET BİRLİK PARTİSİ,7,0,0.0
ERZINCAN,ANAVATAN PARTİSİ,312,0,0.0
ERZINCAN,YENİLİK PARTİSİ,15,0,0.0
ERZINCAN,HALKIN KURTULUŞ PARTİSİ,67,0,0.0
ERZINCAN,MİLLİ YOL PARTİSİ,1,0,0.0
ERZINCAN,VATAN PARTİSİ,81,0,0.0
ERZINCAN,GÜÇ BİRLİĞİ PARTİSİ,98,0,0.0
ERZINCAN,CUMHURİYET HALK PARTİSİ,56111,1,1.6171097764550029
ERZINCAN,İYİ PARTİ,185,0,0.0
ERZINCAN,ADALET PARTİSİ,334,0,0.0
ERZINCAN,ZAFER PARTİSİ,1530,0,0.0
ERZINCAN,BAĞIMSIZLAR,275,0,0.0
ERZURUM,MİLLET PARTİSİ,314,0,0.0
ERZURUM,HAK VE ÖZGÜRLÜKLER PARTİSİ,384,0,0.0
ERZURUM,TÜRKİYE KOMÜNİST PARTİSİ,393,0,0.0
ERZURUM,TÜRKİYE KOMÜNİST HAREKETİ,131,0,0.0
ERZURUM,SOL PARTİ,852,0,0.0
ERZURUM,GENÇ PARTİ,16,0,0.0
ERZURUM,MEMLEKET PARTİSİ,2268,0,0.0
ERZURUM,BÜYÜK BİRLİK PARTİSİ,7676,0,0.0
ERZURUM,ADALET VE KALKINMA PARTİSİ,192248,4,1.887929063848085
ERZURUM,YENİDEN REFAH PARTİSİ,21822,0,0.0
ERZURUM,MİLLİYETÇİ HAREKET PARTİSİ,73952,1,1.226980293523727
ERZURUM,YEŞİLLER VE SOL GELECEK PARTİSİ,43931,1,2.0654582565083124
ERZURUM,TÜRKİYE İŞÇİ PARTİSİ,427,0,0.0
ERZURUM,ADALET BİRLİK PARTİSİ,728,0,0.0
ERZURUM,ANAVATAN PARTİSİ,12,0,0.0
ERZURUM,YENİLİK PARTİSİ,110,0,0.0
ERZURUM,HALKIN KURTULUŞ PARTİSİ,298,0,0.0
ERZURUM,MİLLİ YOL PARTİSİ,275,0,0.0
ERZURUM,VATAN PARTİSİ,318,0,0.0
ERZURUM,GÜÇ BİRLİĞİ PARTİSİ,7,0,0.0
ERZURUM,CUMHURİYET HALK PARTİSİ,31227,0,0.0
ERZURUM,İYİ PARTİ,42143,0,0.0
ERZURUM,ADALET PARTİSİ,1030,0,0.0
ERZURUM,ZAFER PARTİSİ,10469,0,0.0
ERZURUM,BAĞIMSIZLAR,13168,0,0.0
ESKISEHIR,MİLLET PARTİSİ,850,0,0.0
ESKISEHIR,HAK VE ÖZGÜRLÜKLER PARTİSİ,357,0,0.0
ESKISEHIR,TÜRKİYE KOMÜNİST PARTİSİ,743,0,0.0
ESKISEHIR,TÜRKİYE KOMÜNİST HAREKETİ,139,0,0.0
ESKISEHIR,SOL PARTİ,435,0,0.0
ESKISEHIR,GENÇ PARTİ,2004,0,0.0
ESKISEHIR,MEMLEKET PARTİSİ,8064,0,0.0
ESKISEHIR,BÜYÜK BİRLİK PARTİSİ,6963,0,0.0
ESKISEHIR,ADALET VE KALKINMA PARTİSİ,210655,2,0.8614810630335542
ESKISEHIR,YENİDEN REFAH PARTİSİ,9049,0,0.0
ESKISEHIR,MİLLİYETÇİ HAREKET PARTİSİ,46453,0,0.0
ESKISEHIR,YEŞİLLER VE SOL GELECEK PARTİSİ,14141,0,0.0
ESKISEHIR,TÜRKİYE İŞÇİ PARTİSİ,10550,0,0.0
ESKISEHIR,ADALET BİRLİK PARTİSİ,28,0,0.0
ESKISEHIR,ANAVATAN PARTİSİ,18,0,0.0
ESKISEHIR,YENİLİK PARTİSİ,119,0,0.0
ESKISEHIR,HALKIN KURTULUŞ PARTİSİ,295,0,0.0
ESKISEHIR,MİLLİ YOL PARTİSİ,218,0,0.0
ESKISEHIR,VATAN PARTİSİ,582,0,0.0
ESKISEHIR,GÜÇ BİRLİĞİ PARTİSİ,428,0,0.0
ESKISEHIR,CUMHURİYET HALK PARTİSİ,216405,3,1.2578865553014025
ESKISEHIR,İYİ PARTİ,87764,1,1.0338823055770778
ESKISEHIR,ADALET PARTİSİ,41,0,0.0
ESKISEHIR,ZAFER PARTİSİ,18829,0,0.0
ESKISEHIR,BAĞIMSIZLAR,348,0,0.0
GAZIANTEP,MİLLET PARTİSİ,1573,0,0.0
GAZIANTEP,HAK VE ÖZGÜRLÜKLER PARTİSİ,838,0,0.0
GAZIANTEP,TÜRKİYE KOMÜNİST PARTİSİ,1341,0,0.0
GAZIANTEP,TÜRKİYE KOMÜNİST HAREKETİ,360,0,0.0
GAZIANTEP,SOL PARTİ,1916,0,0.0
GAZIANTEP,GENÇ PARTİ,42,0,0.0
GAZIANTEP,MEMLEKET PARTİSİ,8772,0,0.0
GAZIANTEP,BÜYÜK BİRLİK PARTİSİ,8094,0,0.0
GAZIANTEP,ADALET VE KALKINMA PARTİSİ,525985,8,1.3800796093678211
GAZIANTEP,YENİDEN REFAH PARTİSİ,47809,0,0.0
GAZIANTEP,MİLLİYETÇİ HAREKET PARTİSİ,113801,1,0.7973361101103389
GAZIANTEP,YEŞİLLER VE SOL GELECEK PARTİSİ,106870,1,0.8490469417672563
GAZIANTEP,TÜRKİYE İŞÇİ PARTİSİ,1126,0,0.0
GAZIANTEP,ADALET BİRLİK PARTİSİ,1613,0,0.0
GAZIANTEP,ANAVATAN PARTİSİ,2113,0,0.0
GAZIANTEP,YENİLİK PARTİSİ,410,0,0.0
GAZIANTEP,HALKIN KURTULUŞ PARTİSİ,563,0,0.0
GAZIANTEP,MİLLİ YOL PARTİSİ,782,0,0.0
GAZIANTEP,VATAN PARTİSİ,682,0,0.0
GAZIANTEP,GÜÇ BİRLİĞİ PARTİSİ,814,0,0.0
GAZIANTEP,CUMHURİYET HALK PARTİSİ,238440,3,1.1416412514678747
GAZIANTEP,İYİ PARTİ,63401,1,1.4311705914207453
GAZIANTEP,ADALET PARTİSİ,2590,0,0.0
GAZIANTEP,ZAFER PARTİSİ,38008,0,0.0
GAZIANTEP,BAĞIMSIZLAR,4302,0,0.0
GIRESUN,MİLLET PARTİSİ,327,0,0.0
GIRESUN,HAK VE ÖZGÜRLÜKLER PARTİSİ,575,0,0.0
GIRESUN,TÜRKİYE KOMÜNİST PARTİSİ,325,0,0.0
GIRESUN,TÜRKİYE KOMÜNİST HAREKETİ,90,0,0.0
GIRESUN,SOL PARTİ,197,0,0.0
GIRESUN,GENÇ PARTİ,11,0,0.0
GIRESUN,MEMLEKET PARTİSİ,2483,0,0.0
GIRESUN,BÜYÜK BİRLİK PARTİSİ,1822,0,0.0
GIRESUN,ADALET VE KALKINMA PARTİSİ,133761,2,1.3567130429148508
GIRESUN,YENİDEN REFAH PARTİSİ,7628,0,0.0
GIRESUN,MİLLİYETÇİ HAREKET PARTİSİ,48431,1,1.8735447681581356
GIRESUN,YEŞİLLER VE SOL GELECEK PARTİSİ,1750,0,0.0
GIRESUN,TÜRKİYE İŞÇİ PARTİSİ,1613,0,0.0
GIRESUN,ADALET BİRLİK PARTİSİ,14,0,0.0
GIRESUN,ANAVATAN PARTİSİ,9,0,0.0
GIRESUN,YENİLİK PARTİSİ,49,0,0.0
GIRESUN,HALKIN KURTULUŞ PARTİSİ,320,0,0.0
GIRESUN,MİLLİ YOL PARTİSİ,158,0,0.0
GIRESUN,VATAN PARTİSİ,315,0,0.0
GIRESUN,GÜÇ BİRLİĞİ PARTİSİ,166,0,0.0
GIRESUN,CUMHURİYET HALK PARTİSİ,64115,1,1.415232732849827
GIRESUN,İYİ PARTİ,39428,0,0.0
GIRESUN,ADALET PARTİSİ,1465,0,0.0
GIRESUN,ZAFER PARTİSİ,4754,0,0.0
GIRESUN,BAĞIMSIZLAR,383,0,0.0
GUMUSHANE,MİLLET PARTİSİ,109,0,0.0
GUMUSHANE,HAK VE ÖZGÜRLÜKLER PARTİSİ,74,0,0.0
GUMUSHANE,TÜRKİYE KOMÜNİST PARTİSİ,48,0,0.0
GUMUSHANE,TÜRKİYE KOMÜNİST HAREKETİ,28,0,0.0
GUMUSHANE,SOL PARTİ,56,0,0.0
GUMUSHANE,GENÇ PARTİ,3,0,0.0
GUMUSHANE,MEMLEKET PARTİSİ,427,0,0.0
GUMUSHANE,BÜYÜK BİRLİK PARTİSİ,665,0,0.0
GUMUSHANE,ADALET VE KALKINMA PARTİSİ,38347,1,2.3662254326718304
GUMUSHANE,YENİDEN REFAH PARTİSİ,2154,0,0.0
GUMUSHANE,MİLLİYETÇİ HAREKET PARTİSİ,21221,1,4.275842168920723
GUMUSHANE,YEŞİLLER VE SOL GELECEK PARTİSİ,502,0,0.0
GUMUSHANE,TÜRKİYE İŞÇİ PARTİSİ,287,0,0.0
GUMUSHANE,ADALET BİRLİK PARTİSİ,117,0,0.0
GUMUSHANE,ANAVATAN PARTİSİ,201,0,0.0
GUMUSHANE,YENİLİK PARTİSİ,25,0,0.0
GUMUSHANE,HALKIN KURTULUŞ PARTİSİ,54,0,0.0
GUMUSHANE,MİLLİ YOL PARTİSİ,73,0,0.0
GUMUSHANE,VATAN PARTİSİ,44,0,0.0
GUMUSHANE,GÜÇ BİRLİĞİ PARTİSİ,57,0,0.0
GUMUSHANE,CUMHURİYET HALK PARTİSİ,635,0,0.0
GUMUSHANE,İYİ PARTİ,14699,0,0.0
GUMUSHANE,ADALET PARTİSİ,145,0,0.0
GUMUSHANE,ZAFER PARTİSİ,892,0,0.0
GUMUSHANE,BAĞIMSIZLAR,23,0,0.0
HAKKARI,MİLLET PARTİSİ,146,0,0.0
HAKKARI,HAK VE ÖZGÜRLÜKLER PARTİSİ,218,0,0.0
HAKKARI,TÜRKİYE KOMÜNİST PARTİSİ,131,0,0.0
HAKKARI,TÜRKİYE KOMÜNİST HAREKETİ,70,0,0.0
HAKKARI,SOL PARTİ,939,0,0.0
HAKKARI,GENÇ PARTİ,6,0,0.0
HAKKARI,MEMLEKET PARTİSİ,1170,0,0.0
HAKKARI,BÜYÜK BİRLİK PARTİSİ,473,0,0.0
HAKKARI,ADALET VE KALKINMA PARTİSİ,31645,0,0.0
HAKKARI,YENİDEN REFAH PARTİSİ,3020,0,0.0
HAKKARI,MİLLİYETÇİ HAREKET PARTİSİ,4591,0,0.0
HAKKARI,YEŞİLLER VE SOL GELECEK PARTİSİ,95810,3,2.841174616428348
HAKKARI,TÜRKİYE İŞÇİ PARTİSİ,148,0,0.0
HAKKARI,ADALET BİRLİK PARTİSİ,7,0,0.0
HAKKARI,ANAVATAN PARTİSİ,325,0,0.0
HAKKARI,YENİLİK PARTİSİ,61,0,0.0
HAKKARI,HALKIN KURTULUŞ PARTİSİ,145,0,0.0
HAKKARI,MİLLİ YOL PARTİSİ,1,0,0.0
HAKKARI,VATAN PARTİSİ,137,0,0.0
HAKKARI,GÜÇ BİRLİĞİ PARTİSİ,160,0,0.0
HAKKARI,CUMHURİYET HALK PARTİSİ,11125,0,0.0
HAKKARI,İYİ PARTİ,182,0,0.0
HAKKARI,ADALET PARTİSİ,360,0,0.0
HAKKARI,ZAFER PARTİSİ,50,0,0.0
HAKKARI,BAĞIMSIZLAR,2890,0,0.0
HATAY,MİLLET PARTİSİ,611,0,0.0
HATAY,HAK VE ÖZGÜRLÜKLER PARTİSİ,445,0,0.0
HATAY,TÜRKİYE KOMÜNİST PARTİSİ,2526,0,0.0
HATAY,TÜRKİYE KOMÜNİST HAREKETİ,462,0,0.0
HATAY,SOL PARTİ,1244,0,0.0
HATAY,GENÇ PARTİ,1292,0,0.0
HATAY,MEMLEKET PARTİSİ,4584,0,0.0
HATAY,BÜYÜK BİRLİK PARTİSİ,7983,0,0.0
HATAY,ADALET VE KALKINMA PARTİSİ,303304,4,1.196656116195852
HATAY,YENİDEN REFAH PARTİSİ,16387,0,0.0
HATAY,MİLLİYETÇİ HAREKET PARTİSİ,109142,1,0.8313724017029803
HATAY,YEŞİLLER VE SOL GELECEK PARTİSİ,29072,0,0.0
HATAY,TÜRKİYE İŞÇİ PARTİSİ,76580,1,1.1848739444589538
HATAY,ADALET BİRLİK PARTİSİ,40,0,0.0
HATAY,ANAVATAN PARTİSİ,25,0,0.0
HATAY,YENİLİK PARTİSİ,279,0,0.0
HATAY,HALKIN KURTULUŞ PARTİSİ,441,0,0.0
HATAY,MİLLİ YOL PARTİSİ,5,0,0.0
HATAY,VATAN PARTİSİ,552,0,0.0
HATAY,GÜÇ BİRLİĞİ PARTİSİ,651,0,0.0
HATAY,CUMHURİYET HALK PARTİSİ,253893,4,1.4295415260234299
HATAY,İYİ PARTİ,71729,1,1.2650064362624136
HATAY,ADALET PARTİSİ,57,0,0.0
HATAY,ZAFER PARTİSİ,11810,0,0.0
HATAY,BAĞIMSIZLAR,1424,0,0.0
IGDIR,MİLLET PARTİSİ,57,0,0.0
IGDIR,HAK VE ÖZGÜRLÜKLER PARTİSİ,102,0,0.0
IGDIR,TÜRKİYE KOMÜNİST PARTİSİ,145,0,0.0
IGDIR,TÜRKİYE KOMÜNİST HAREKETİ,40,0,0.0
IGDIR,SOL PARTİ,583,0,0.0
IGDIR,GENÇ PARTİ,63,0,0.0
IGDIR,MEMLEKET PARTİSİ,443,0,0.0
IGDIR,BÜYÜK BİRLİK PARTİSİ,222,0,0.0
IGDIR,ADALET VE KALKINMA PARTİSİ,37022,1,2.450911530081213
IGDIR,YENİDEN REFAH PARTİSİ,502,0,0.0
IGDIR,MİLLİYETÇİ HAREKET PARTİSİ,4998,0,0.0
IGDIR,YEŞİLLER VE SOL GELECEK PARTİSİ,45735,1,1.9839870267118545
IGDIR,TÜRKİYE İŞÇİ PARTİSİ,101,0,0.0
IGDIR,ADALET BİRLİK PARTİSİ,172,0,0.0
IGDIR,ANAVATAN PARTİSİ,177,0,0.0
IGDIR,YENİLİK PARTİSİ,37,0,0.0
IGDIR,HALKIN KURTULUŞ PARTİSİ,88,0,0.0
IGDIR,MİLLİ YOL PARTİSİ,34,0,0.0
IGDIR,VATAN PARTİSİ,61,0,0.0
IGDIR,GÜÇ BİRLİĞİ PARTİSİ,106,0,0.0
IGDIR,CUMHURİYET HALK PARTİSİ,6906,0,0.0
IGDIR,İYİ PARTİ,6913,0,0.0
IGDIR,ADALET PARTİSİ,229,0,0.0
IGDIR,ZAFER PARTİSİ,34,0,0.0
IGDIR,BAĞIMSIZLAR,372,0,0.0
ISPARTA,MİLLET PARTİSİ,341,0,0.0
ISPARTA,HAK VE ÖZGÜRLÜKLER PARTİSİ,273,0,0.0
ISPARTA,TÜRKİYE KOMÜNİST PARTİSİ,213,0,0.0
ISPARTA,TÜRKİYE KOMÜNİST HAREKETİ,88,0,0.0
ISPARTA,SOL PARTİ,88,0,0.0
ISPARTA,GENÇ PARTİ,506,0,0.0
ISPARTA,MEMLEKET PARTİSİ,2561,0,0.0
ISPARTA,BÜYÜK BİRLİK PARTİSİ,1598,0,0.0
ISPARTA,ADALET VE KALKINMA PARTİSİ,96638,2,1.8778875114689186
ISPARTA,YENİDEN REFAH PARTİSİ,5384,0,0.0
ISPARTA,MİLLİYETÇİ HAREKET PARTİSİ,60266,1,1.5056191993274262
ISPARTA,YEŞİLLER VE SOL GELECEK PARTİSİ,2956,0,0.0
ISPARTA,TÜRKİYE İŞÇİ PARTİSİ,1185,0,0.0
ISPARTA,ADALET BİRLİK PARTİSİ,13,0,0.0
ISPARTA,ANAVATAN PARTİSİ,485,0,0.0
ISPARTA,YENİLİK PARTİSİ,64,0,0.0
ISPARTA,HALKIN KURTULUŞ PARTİSİ,193,0,0.0
ISPARTA,MİLLİ YOL PARTİSİ,136,0,0.0
ISPARTA,VATAN PARTİSİ,391,0,0.0
ISPARTA,GÜÇ BİRLİĞİ PARTİSİ,5,0,0.0
ISPARTA,CUMHURİYET HALK PARTİSİ,65788,1,1.3792431243793195
ISPARTA,İYİ PARTİ,48271,0,0.0
ISPARTA,ADALET PARTİSİ,1145,0,0.0
ISPARTA,ZAFER PARTİSİ,5694,0,0.0
ISPARTA,BAĞIMSIZLAR,1293,0,0.0
ISTANBUL-1,MİLLET PARTİSİ,2566,0,0.0
ISTANBUL-1,HAK VE ÖZGÜRLÜKLER PARTİSİ,1582,0,0.0
ISTANBUL-1,TÜRKİYE KOMÜNİST PARTİSİ,5012,0,0.0
ISTANBUL-1,TÜRKİYE KOMÜNİST HAREKETİ,1273,0,0.0
ISTANBUL-1,SOL PARTİ,4094,0,0.0
ISTANBUL-1,GENÇ PARTİ,7246,0,0.0
ISTANBUL-1,MEMLEKET PARTİSİ,39215,0,0.0
ISTANBUL-1,BÜYÜK BİRLİK PARTİSİ,38823,0,0.0
ISTANBUL-1,ADALET VE KALKINMA PARTİSİ,1352399,14,0.9393138070446173
ISTANBUL-1,YENİDEN REFAH PARTİSİ,115271,1,0.7871680359037977
ISTANBUL-1,MİLLİYETÇİ HAREKET PARTİSİ,241987,2,0.7499381922720366
ISTANBUL-1,YEŞİLLER VE SOL GELECEK PARTİSİ,248095,2,0.7314750129318743
ISTANBUL-1,TÜRKİYE İŞÇİ PARTİSİ,179862,1,0.5044848087237253
ISTANBUL-1,ADALET BİRLİK PARTİSİ,2931,0,0.0
ISTANBUL-1,ANAVATAN PARTİSİ,4478,0,0.0
ISTANBUL-1,YENİLİK PARTİSİ,377,0,0.0
ISTANBUL-1,HALKIN KURTULUŞ PARTİSİ,1185,0,0.0
ISTANBUL-1,MİLLİ YOL PARTİSİ,819,0,0.0
ISTANBUL-1,VATAN PARTİSİ,2999,0,0.0
ISTANBUL-1,GÜÇ BİRLİĞİ PARTİSİ,2057,0,0.0
ISTANBUL-1,CUMHURİYET HALK PARTİSİ,1232060,12,0.8837652062399559
ISTANBUL-1,İYİ PARTİ,302263,3,0.9005830683874639
ISTANBUL-1,ADALET PARTİSİ,7944,0,0.0
ISTANBUL-1,ZAFER PARTİSİ,104403,0,0.0
ISTANBUL-1,BAĞIMSIZLAR,1027,0,0.0
ISTANBUL-2,MİLLET PARTİSİ,2005,0,0.0
ISTANBUL-2,HAK VE ÖZGÜRLÜKLER PARTİSİ,1175,0,0.0
ISTANBUL-2,TÜRKİYE KOMÜNİST PARTİSİ,3267,0,0.0
ISTANBUL-2,TÜRKİYE KOMÜNİST HAREKETİ,831,0,0.0
ISTANBUL-2,SOL PARTİ,3441,0,0.0
ISTANBUL-2,GENÇ PARTİ,6735,0,0.0
ISTANBUL-2,MEMLEKET PARTİSİ,28164,0,0.0
ISTANBUL-2,BÜYÜK BİRLİK PARTİSİ,20029,0,0.0
ISTANBUL-2,ADALET VE KALKINMA PARTİSİ,1089269,12,0.9996169541224436
ISTANBUL-2,YENİDEN REFAH PARTİSİ,108757,1,0.8343154616867574
ISTANBUL-2,MİLLİYETÇİ HAREKET PARTİSİ,165085,1,0.5496419824131004
ISTANBUL-2,YEŞİLLER VE SOL GELECEK PARTİSİ,212360,2,0.8545643875180511
ISTANBUL-2,TÜRKİYE İŞÇİ PARTİSİ,104846,1,0.8654373716371313
ISTANBUL-2,ADALET BİRLİK PARTİSİ,2139,0,0.0
ISTANBUL-2,ANAVATAN PARTİSİ,3770,0,0.0
ISTANBUL-2,YENİLİK PARTİSİ,320,0,0.0
ISTANBUL-2,HALKIN KURTULUŞ PARTİSİ,943,0,0.0
ISTANBUL-2,MİLLİ YOL PARTİSİ,775,0,0.0
ISTANBUL-2,VATAN PARTİSİ,1918,0,0.0
ISTANBUL-2,GÜÇ BİRLİĞİ PARTİSİ,1513,0,0.0
ISTANBUL-2,CUMHURİYET HALK PARTİSİ,753935,8,0.9628166530713302
ISTANBUL-2,İYİ PARTİ,243574,2,0.7450519896759643
ISTANBUL-2,ADALET PARTİSİ,6424,0,0.0
ISTANBUL-2,ZAFER PARTİSİ,79893,0,0.0
ISTANBUL-2,BAĞIMSIZLAR,2914,0,0.0
ISTANBUL-3,MİLLET PARTİSİ,2927,0,0.0
ISTANBUL-3,HAK VE ÖZGÜRLÜKLER PARTİSİ,1615,0,0.0
ISTANBUL-3,TÜRKİYE KOMÜNİST PARTİSİ,3523,0,0.0
ISTANBUL-3,TÜRKİYE KOMÜNİST HAREKETİ,992,0,0.0
ISTANBUL-3,SOL PARTİ,5374,0,0.0
ISTANBUL-3,GENÇ PARTİ,8843,0,0.0
ISTANBUL-3,MEMLEKET PARTİSİ,36635,0,0.0
ISTANBUL-3,BÜYÜK BİRLİK PARTİSİ,25490,0,0.0
ISTANBUL-3,ADALET VE KALKINMA PARTİSİ,1317631,14,0.9640992457928915
ISTANBUL-3,YENİDEN REFAH PARTİSİ,114417,1,0.793043399727896
ISTANBUL-3,MİLLİYETÇİ HAREKET PARTİSİ,243804,2,0.7443491219722946
ISTANBUL-3,YEŞİLLER VE SOL GELECEK PARTİSİ,392760,4,0.9241027260074006
ISTANBUL-3,TÜRKİYE İŞÇİ PARTİSİ,136201,1,0.6662039681549083
ISTANBUL-3,ADALET BİRLİK PARTİSİ,3712,0,0.0
ISTANBUL-3,ANAVATAN PARTİSİ,4879,0,0.0
ISTANBUL-3,YENİLİK PARTİSİ,11,0,0.0
ISTANBUL-3,HALKIN KURTULUŞ PARTİSİ,1402,0,0.0
ISTANBUL-3,MİLLİ YOL PARTİSİ,1047,0,0.0
ISTANBUL-3,VATAN PARTİSİ,2494,0,0.0
ISTANBUL-3,GÜÇ BİRLİĞİ PARTİSİ,2140,0,0.0
ISTANBUL-3,CUMHURİYET HALK PARTİSİ,967314,11,1.0318408638077536
ISTANBUL-3,İYİ PARTİ,295016,3,0.922705683759525
ISTANBUL-3,ADALET PARTİSİ,236,0,0.0
ISTANBUL-3,ZAFER PARTİSİ,105089,0,0.0
ISTANBUL-3,BAĞIMSIZLAR,5648,0,0.0
IZMIR-1,MİLLET PARTİSİ,1371,0,0.0
IZMIR-1,HAK VE ÖZGÜRLÜKLER PARTİSİ,751,0,0.0
IZMIR-1,TÜRKİYE KOMÜNİST PARTİSİ,4586,0,0.0
IZMIR-1,TÜRKİYE KOMÜNİST HAREKETİ,844,0,0.0
IZMIR-1,SOL PARTİ,2581,0,0.0
IZMIR-1,GENÇ PARTİ,6723,0,0.0
IZMIR-1,MEMLEKET PARTİSİ,18477,0,0.0
IZMIR-1,BÜYÜK BİRLİK PARTİSİ,7344,0,0.0
IZMIR-1,ADALET VE KALKINMA PARTİSİ,392099,4,0.9256605772181686
IZMIR-1,YENİDEN REFAH PARTİSİ,12894,0,0.0
IZMIR-1,MİLLİYETÇİ HAREKET PARTİSİ,75075,0,0.0
IZMIR-1,YEŞİLLER VE SOL GELECEK PARTİSİ,139506,1,0.6504211049465017
IZMIR-1,TÜRKİYE İŞÇİ PARTİSİ,1477,0,0.0
IZMIR-1,ADALET BİRLİK PARTİSİ,1497,0,0.0
IZMIR-1,ANAVATAN PARTİSİ,1805,0,0.0
IZMIR-1,YENİLİK PARTİSİ,284,0,0.0
IZMIR-1,HALKIN KURTULUŞ PARTİSİ,707,0,0.0
IZMIR-1,MİLLİ YOL PARTİSİ,343,0,0.0
IZMIR-1,VATAN PARTİSİ,1678,0,0.0
IZMIR-1,GÜÇ BİRLİĞİ PARTİSİ,1624,0,0.0
IZMIR-1,CUMHURİYET HALK PARTİSİ,643178,7,0.9875392607748814
IZMIR-1,İYİ PARTİ,182437,2,0.9947285546974207
IZMIR-1,ADALET PARTİSİ,3933,0,0.0
IZMIR-1,ZAFER PARTİSİ,35442,0,0.0
IZMIR-1,BAĞIMSIZLAR,666,0,0.0
IZMIR-2,MİLLET PARTİSİ,1675,0,0.0
IZMIR-2,HAK VE ÖZGÜRLÜKLER PARTİSİ,970,0,0.0
IZMIR-2,TÜRKİYE KOMÜNİST PARTİSİ,2867,0,0.0
IZMIR-2,TÜRKİYE KOMÜNİST HAREKETİ,684,0,0.0
IZMIR-2,SOL PARTİ,1957,0,0.0
IZMIR-2,GENÇ PARTİ,6022,0,0.0
IZMIR-2,MEMLEKET PARTİSİ,18580,0,0.0
IZMIR-2,BÜYÜK BİRLİK PARTİSİ,7163,0,0.0
IZMIR-2,ADALET VE KALKINMA PARTİSİ,402010,4,0.9028396971882955
IZMIR-2,YENİDEN REFAH PARTİSİ,15154,0,0.0
IZMIR-2,MİLLİYETÇİ HAREKET PARTİSİ,93589,1,0.9695332428668613
IZMIR-2,YEŞİLLER VE SOL GELECEK PARTİSİ,97499,1,0.9306520750640178
IZMIR-2,TÜRKİYE İŞÇİ PARTİSİ,86794,0,0.0
IZMIR-2,ADALET BİRLİK PARTİSİ,1615,0,0.0
IZMIR-2,ANAVATAN PARTİSİ,2166,0,0.0
IZMIR-2,YENİLİK PARTİSİ,300,0,0.0
IZMIR-2,HALKIN KURTULUŞ PARTİSİ,857,0,0.0
IZMIR-2,MİLLİ YOL PARTİSİ,464,0,0.0
IZMIR-2,VATAN PARTİSİ,1829,0,0.0
IZMIR-2,GÜÇ BİRLİĞİ PARTİSİ,1506,0,0.0
IZMIR-2,CUMHURİYET HALK PARTİSİ,642385,7,0.9887583406627904
IZMIR-2,İYİ PARTİ,175518,1,0.51697060510413
IZMIR-2,ADALET PARTİSİ,4164,0,0.0
IZMIR-2,ZAFER PARTİSİ,37695,0,0.0
IZMIR-2,BAĞIMSIZLAR,3267,0,0.0
KAHRAMANMARAS,MİLLET PARTİSİ,528,0,0.0
KAHRAMANMARAS,HAK VE ÖZGÜRLÜKLER PARTİSİ,646,0,0.0
KAHRAMANMARAS,TÜRKİYE KOMÜNİST PARTİSİ,542,0,0.0
KAHRAMANMARAS,TÜRKİYE KOMÜNİST HAREKETİ,195,0,0.0
KAHRAMANMARAS,SOL PARTİ,321,0,0.0
KAHRAMANMARAS,GENÇ PARTİ,730,0,0.0
KAHRAMANMARAS,MEMLEKET PARTİSİ,4703,0,0.0
KAHRAMANMARAS,BÜYÜK BİRLİK PARTİSİ,10107,0,0.0
KAHRAMANMARAS,ADALET VE KALKINMA PARTİSİ,309547,5,1.4656521734448513
KAHRAMANMARAS,YENİDEN REFAH PARTİSİ,35125,0,0.0
KAHRAMANMARAS,MİLLİYETÇİ HAREKET PARTİSİ,104829,1,0.8655777186338386
KAHRAMANMARAS,YEŞİLLER VE SOL GELECEK PARTİSİ,9416,0,0.0
KAHRAMANMARAS,TÜRKİYE İŞÇİ PARTİSİ,624,0,0.0
KAHRAMANMARAS,ADALET BİRLİK PARTİSİ,29,0,0.0
KAHRAMANMARAS,ANAVATAN PARTİSİ,1053,0,0.0
KAHRAMANMARAS,YENİLİK PARTİSİ,146,0,0.0
KAHRAMANMARAS,HALKIN KURTULUŞ PARTİSİ,469,0,0.0
KAHRAMANMARAS,MİLLİ YOL PARTİSİ,1544,0,0.0
KAHRAMANMARAS,VATAN PARTİSİ,460,0,0.0
KAHRAMANMARAS,GÜÇ BİRLİĞİ PARTİSİ,349,0,0.0
KAHRAMANMARAS,CUMHURİYET HALK PARTİSİ,105747,2,1.716127108412847
KAHRAMANMARAS,İYİ PARTİ,45699,0,0.0
KAHRAMANMARAS,ADALET PARTİSİ,1651,0,0.0
KAHRAMANMARAS,ZAFER PARTİSİ,11064,0,0.0
KAHRAMANMARAS,BAĞIMSIZLAR,3718,0,0.0
KARABUK,MİLLET PARTİSİ,157,0,0.0
KARABUK,HAK VE ÖZGÜRLÜKLER PARTİSİ,211,0,0.0
KARABUK,TÜRKİYE KOMÜNİST PARTİSİ,115,0,0.0
KARABUK,TÜRKİYE KOMÜNİST HAREKETİ,51,0,0.0
KARABUK,SOL PARTİ,143,0,0.0
KARABUK,GENÇ PARTİ,336,0,0.0
KARABUK,MEMLEKET PARTİSİ,1690,0,0.0
KARABUK,BÜYÜK BİRLİK PARTİSİ,707,0,0.0
KARABUK,ADALET VE KALKINMA PARTİSİ,61623,2,2.94492792193391
KARABUK,YENİDEN REFAH PARTİSİ,13420,0,0.0
KARABUK,MİLLİYETÇİ HAREKET PARTİSİ,26092,0,0.0
KARABUK,YEŞİLLER VE SOL GELECEK PARTİSİ,1175,0,0.0
KARABUK,TÜRKİYE İŞÇİ PARTİSİ,676,0,0.0
KARABUK,ADALET BİRLİK PARTİSİ,363,0,0.0
KARABUK,ANAVATAN PARTİSİ,389,0,0.0
KARABUK,YENİLİK PARTİSİ,58,0,0.0
KARABUK,HALKIN KURTULUŞ PARTİSİ,117,0,0.0
KARABUK,MİLLİ YOL PARTİSİ,181,0,0.0
KARABUK,VATAN PARTİSİ,131,0,0.0
KARABUK,GÜÇ BİRLİĞİ PARTİSİ,109,0,0.0
KARABUK,CUMHURİYET HALK PARTİSİ,35917,1,2.5263147441787086
KARABUK,İYİ PARTİ,15782,0,0.0
KARABUK,ADALET PARTİSİ,742,0,0.0
KARABUK,ZAFER PARTİSİ,3392,0,0.0
KARABUK,BAĞIMSIZLAR,0,0,0
KARAMAN,MİLLET PARTİSİ,189,0,0.0
KARAMAN,HAK VE ÖZGÜRLÜKLER PARTİSİ,179,0,0.0
KARAMAN,TÜRKİYE KOMÜNİST PARTİSİ,194,0,0.0
KARAMAN,TÜRKİYE KOMÜNİST HAREKETİ,77,0,0.0
KARAMAN,SOL PARTİ,118,0,0.0
KARAMAN,GENÇ PARTİ,313,0,0.0
KARAMAN,MEMLEKET PARTİSİ,1565,0,0.0
KARAMAN,BÜYÜK BİRLİK PARTİSİ,4476,0,0.0
KARAMAN,ADALET VE KALKINMA PARTİSİ,69558,2,2.6089780231365673
KARAMAN,YENİDEN REFAH PARTİSİ,3829,0,0.0
KARAMAN,MİLLİYETÇİ HAREKET PARTİSİ,30617,0,0.0
KARAMAN,YEŞİLLER VE SOL GELECEK PARTİSİ,1363,0,0.0
KARAMAN,TÜRKİYE İŞÇİ PARTİSİ,608,0,0.0
KARAMAN,ADALET BİRLİK PARTİSİ,277,0,0.0
KARAMAN,ANAVATAN PARTİSİ,268,0,0.0
KARAMAN,YENİLİK PARTİSİ,45,0,0.0
KARAMAN,HALKIN KURTULUŞ PARTİSİ,160,0,0.0
KARAMAN,MİLLİ YOL PARTİSİ,1,0,0.0
KARAMAN,VATAN PARTİSİ,146,0,0.0
KARAMAN,GÜÇ BİRLİĞİ PARTİSİ,97,0,0.0
KARAMAN,CUMHURİYET HALK PARTİSİ,32679,1,2.7766347399451226
KARAMAN,İYİ PARTİ,18378,0,0.0
KARAMAN,ADALET PARTİSİ,574,0,0.0
KARAMAN,ZAFER PARTİSİ,3150,0,0.0
KARAMAN,BAĞIMSIZLAR,458,0,0.0
KARS,MİLLET PARTİSİ,117,0,0.0
KARS,HAK VE ÖZGÜRLÜKLER PARTİSİ,134,0,0.0
KARS,TÜRKİYE KOMÜNİST PARTİSİ,223,0,0.0
KARS,TÜRKİYE KOMÜNİST HAREKETİ,78,0,0.0
KARS,SOL PARTİ,753,0,0.0
KARS,GENÇ PARTİ,178,0,0.0
KARS,MEMLEKET PARTİSİ,793,0,0.0
KARS,BÜYÜK BİRLİK PARTİSİ,880,0,0.0
KARS,ADALET VE KALKINMA PARTİSİ,37662,1,2.409262563503443
KARS,YENİDEN REFAH PARTİSİ,2852,0,0.0
KARS,MİLLİYETÇİ HAREKET PARTİSİ,14211,0,0.0
KARS,YEŞİLLER VE SOL GELECEK PARTİSİ,40710,1,2.2288785720134285
KARS,TÜRKİYE İŞÇİ PARTİSİ,140,0,0.0
KARS,ADALET BİRLİK PARTİSİ,368,0,0.0
KARS,ANAVATAN PARTİSİ,4,0,0.0
KARS,YENİLİK PARTİSİ,79,0,0.0
KARS,HALKIN KURTULUŞ PARTİSİ,187,0,0.0
KARS,MİLLİ YOL PARTİSİ,119,0,0.0
KARS,VATAN PARTİSİ,162,0,0.0
KARS,GÜÇ BİRLİĞİ PARTİSİ,169,0,0.0
KARS,CUMHURİYET HALK PARTİSİ,24090,1,3.7666104884461054
KARS,İYİ PARTİ,21728,0,0.0
KARS,ADALET PARTİSİ,399,0,0.0
KARS,ZAFER PARTİSİ,48,0,0.0
KARS,BAĞIMSIZLAR,0,0,0
KASTAMONU,MİLLET PARTİSİ,348,0,0.0
KASTAMONU,HAK VE ÖZGÜRLÜKLER PARTİSİ,401,0,0.0
KASTAMONU,TÜRKİYE KOMÜNİST PARTİSİ,266,0,0.0
KASTAMONU,TÜRKİYE KOMÜNİST HAREKETİ,117,0,0.0
KASTAMONU,SOL PARTİ,128,0,0.0
KASTAMONU,GENÇ PARTİ,476,0,0.0
KASTAMONU,MEMLEKET PARTİSİ,2007,0,0.0
KASTAMONU,BÜYÜK BİRLİK PARTİSİ,2346,0,0.0
KASTAMONU,ADALET VE KALKINMA PARTİSİ,118177,2,1.5356227805184877
KASTAMONU,YENİDEN REFAH PARTİSİ,10496,0,0.0
KASTAMONU,MİLLİYETÇİ HAREKET PARTİSİ,39036,0,0.0
KASTAMONU,YEŞİLLER VE SOL GELECEK PARTİSİ,1407,0,0.0
KASTAMONU,TÜRKİYE İŞÇİ PARTİSİ,250,0,0.0
KASTAMONU,ADALET BİRLİK PARTİSİ,12,0,0.0
KASTAMONU,ANAVATAN PARTİSİ,1146,0,0.0
KASTAMONU,YENİLİK PARTİSİ,65,0,0.0
KASTAMONU,HALKIN KURTULUŞ PARTİSİ,347,0,0.0
KASTAMONU,MİLLİ YOL PARTİSİ,160,0,0.0
KASTAMONU,VATAN PARTİSİ,295,0,0.0
KASTAMONU,GÜÇ BİRLİĞİ PARTİSİ,192,0,0.0
KASTAMONU,CUMHURİYET HALK PARTİSİ,56570,1,1.6039888044310884
KASTAMONU,İYİ PARTİ,19785,0,0.0
KASTAMONU,ADALET PARTİSİ,1383,0,0.0
KASTAMONU,ZAFER PARTİSİ,4542,0,0.0
KASTAMONU,BAĞIMSIZLAR,73,0,0.0
KAYSERI,MİLLET PARTİSİ,939,0,0.0
KAYSERI,HAK VE ÖZGÜRLÜKLER PARTİSİ,483,0,0.0
KAYSERI,TÜRKİYE KOMÜNİST PARTİSİ,514,0,0.0
KAYSERI,TÜRKİYE KOMÜNİST HAREKETİ,148,0,0.0
KAYSERI,SOL PARTİ,379,0,0.0
KAYSERI,GENÇ PARTİ,1317,0,0.0
KAYSERI,MEMLEKET PARTİSİ,8592,0,0.0
KAYSERI,BÜYÜK BİRLİK PARTİSİ,17851,0,0.0
KAYSERI,ADALET VE KALKINMA PARTİSİ,385798,5,1.1759735232772937
KAYSERI,YENİDEN REFAH PARTİSİ,33062,0,0.0
KAYSERI,MİLLİYETÇİ HAREKET PARTİSİ,180094,2,1.007669846487575
KAYSERI,YEŞİLLER VE SOL GELECEK PARTİSİ,10779,0,0.0
KAYSERI,TÜRKİYE İŞÇİ PARTİSİ,4468,0,0.0
KAYSERI,ADALET BİRLİK PARTİSİ,42,0,0.0
KAYSERI,ANAVATAN PARTİSİ,26,0,0.0
KAYSERI,YENİLİK PARTİSİ,311,0,0.0
KAYSERI,HALKIN KURTULUŞ PARTİSİ,433,0,0.0
KAYSERI,MİLLİ YOL PARTİSİ,658,0,0.0
KAYSERI,VATAN PARTİSİ,1071,0,0.0
KAYSERI,GÜÇ BİRLİĞİ PARTİSİ,15,0,0.0
KAYSERI,CUMHURİYET HALK PARTİSİ,163337,2,1.1110482825895744
KAYSERI,İYİ PARTİ,94482,1,0.960369664768598
KAYSERI,ADALET PARTİSİ,61,0,0.0
KAYSERI,ZAFER PARTİSİ,30152,0,0.0
KAYSERI,BAĞIMSIZLAR,12309,0,0.0
KILIS,MİLLET PARTİSİ,80,0,0.0
KILIS,HAK VE ÖZGÜRLÜKLER PARTİSİ,48,0,0.0
KILIS,TÜRKİYE KOMÜNİST PARTİSİ,89,0,0.0
KILIS,TÜRKİYE KOMÜNİST HAREKETİ,19,0,0.0
KILIS,SOL PARTİ,38,0,0.0
KILIS,GENÇ PARTİ,136,0,0.0
KILIS,MEMLEKET PARTİSİ,606,0,0.0
KILIS,BÜYÜK BİRLİK PARTİSİ,381,0,0.0
KILIS,ADALET VE KALKINMA PARTİSİ,34480,1,2.6316022815158546
KILIS,YENİDEN REFAH PARTİSİ,2031,0,0.0
KILIS,MİLLİYETÇİ HAREKET PARTİSİ,23253,1,3.9021909717742513
KILIS,YEŞİLLER VE SOL GELECEK PARTİSİ,1011,0,0.0
KILIS,TÜRKİYE İŞÇİ PARTİSİ,84,0,0.0
KILIS,ADALET BİRLİK PARTİSİ,98,0,0.0
KILIS,ANAVATAN PARTİSİ,125,0,0.0
KILIS,YENİLİK PARTİSİ,21,0,0.0
KILIS,HALKIN KURTULUŞ PARTİSİ,46,0,0.0
KILIS,MİLLİ YOL PARTİSİ,0,0,0
KILIS,VATAN PARTİSİ,43,0,0.0
KILIS,GÜÇ BİRLİĞİ PARTİSİ,57,0,0.0
KILIS,CUMHURİYET HALK PARTİSİ,17552,0,0.0
KILIS,İYİ PARTİ,4995,0,0.0
KILIS,ADALET PARTİSİ,145,0,0.0
KILIS,ZAFER PARTİSİ,1632,0,0.0
KILIS,BAĞIMSIZLAR,0,0,0
KIRIKKALE,MİLLET PARTİSİ,110,0,0.0
KIRIKKALE,HAK VE ÖZGÜRLÜKLER PARTİSİ,88,0,0.0
KIRIKKALE,TÜRKİYE KOMÜNİST PARTİSİ,79,0,0.0
KIRIKKALE,TÜRKİYE KOMÜNİST HAREKETİ,44,0,0.0
KIRIKKALE,SOL PARTİ,51,0,0.0
KIRIKKALE,GENÇ PARTİ,178,0,0.0
KIRIKKALE,MEMLEKET PARTİSİ,879,0,0.0
KIRIKKALE,BÜYÜK BİRLİK PARTİSİ,1211,0,0.0
KIRIKKALE,ADALET VE KALKINMA PARTİSİ,65135,1,1.393070494613751
KIRIKKALE,YENİDEN REFAH PARTİSİ,3342,0,0.0
KIRIKKALE,MİLLİYETÇİ HAREKET PARTİSİ,38774,1,2.3401672942349685
KIRIKKALE,YEŞİLLER VE SOL GELECEK PARTİSİ,1139,0,0.0
KIRIKKALE,TÜRKİYE İŞÇİ PARTİSİ,176,0,0.0
KIRIKKALE,ADALET BİRLİK PARTİSİ,8,0,0.0
KIRIKKALE,ANAVATAN PARTİSİ,470,0,0.0
KIRIKKALE,YENİLİK PARTİSİ,34,0,0.0
KIRIKKALE,HALKIN KURTULUŞ PARTİSİ,104,0,0.0
KIRIKKALE,MİLLİ YOL PARTİSİ,105,0,0.0
KIRIKKALE,VATAN PARTİSİ,190,0,0.0
KIRIKKALE,GÜÇ BİRLİĞİ PARTİSİ,3,0,0.0
KIRIKKALE,CUMHURİYET HALK PARTİSİ,48591,1,1.8673755770958957
KIRIKKALE,İYİ PARTİ,18449,0,0.0
KIRIKKALE,ADALET PARTİSİ,461,0,0.0
KIRIKKALE,ZAFER PARTİSİ,2794,0,0.0
KIRIKKALE,BAĞIMSIZLAR,375,0,0.0
KIRKLARELI,MİLLET PARTİSİ,289,0,0.0
KIRKLARELI,HAK VE ÖZGÜRLÜKLER PARTİSİ,242,0,0.0
KIRKLARELI,TÜRKİYE KOMÜNİST PARTİSİ,256,0,0.0
KIRKLARELI,TÜRKİYE KOMÜNİST HAREKETİ,78,0,0.0
KIRKLARELI,SOL PARTİ,358,0,0.0
KIRKLARELI,GENÇ PARTİ,1092,0,0.0
KIRKLARELI,MEMLEKET PARTİSİ,2436,0,0.0
KIRKLARELI,BÜYÜK BİRLİK PARTİSİ,1350,0,0.0
KIRKLARELI,ADALET VE KALKINMA PARTİSİ,68060,1,1.3332008032128515
KIRKLARELI,YENİDEN REFAH PARTİSİ,1819,0,0.0
KIRKLARELI,MİLLİYETÇİ HAREKET PARTİSİ,13116,0,0.0
KIRKLARELI,YEŞİLLER VE SOL GELECEK PARTİSİ,5327,0,0.0
KIRKLARELI,TÜRKİYE İŞÇİ PARTİSİ,4829,0,0.0
KIRKLARELI,ADALET BİRLİK PARTİSİ,246,0,0.0
KIRKLARELI,ANAVATAN PARTİSİ,491,0,0.0
KIRKLARELI,YENİLİK PARTİSİ,61,0,0.0
KIRKLARELI,HALKIN KURTULUŞ PARTİSİ,230,0,0.0
KIRKLARELI,MİLLİ YOL PARTİSİ,138,0,0.0
KIRKLARELI,VATAN PARTİSİ,240,0,0.0
KIRKLARELI,GÜÇ BİRLİĞİ PARTİSİ,293,0,0.0
KIRKLARELI,CUMHURİYET HALK PARTİSİ,122375,2,1.4829441743275453
KIRKLARELI,İYİ PARTİ,40980,0,0.0
KIRKLARELI,ADALET PARTİSİ,728,0,0.0
KIRKLARELI,ZAFER PARTİSİ,4169,0,0.0
KIRKLARELI,BAĞIMSIZLAR,131,0,0.0
KIRSEHIR,MİLLET PARTİSİ,119,0,0.0
KIRSEHIR,HAK VE ÖZGÜRLÜKLER PARTİSİ,112,0,0.0
KIRSEHIR,TÜRKİYE KOMÜNİST PARTİSİ,137,0,0.0
KIRSEHIR,TÜRKİYE KOMÜNİST HAREKETİ,35,0,0.0
KIRSEHIR,SOL PARTİ,144,0,0.0
KIRSEHIR,GENÇ PARTİ,123,0,0.0
KIRSEHIR,MEMLEKET PARTİSİ,1156,0,0.0
KIRSEHIR,BÜYÜK BİRLİK PARTİSİ,1514,0,0.0
KIRSEHIR,ADALET VE KALKINMA PARTİSİ,59700,1,1.519893579006142
KIRSEHIR,YENİDEN REFAH PARTİSİ,2458,0,0.0
KIRSEHIR,MİLLİYETÇİ HAREKET PARTİSİ,22830,0,0.0
KIRSEHIR,YEŞİLLER VE SOL GELECEK PARTİSİ,4195,0,0.0
KIRSEHIR,TÜRKİYE İŞÇİ PARTİSİ,739,0,0.0
KIRSEHIR,ADALET BİRLİK PARTİSİ,7,0,0.0
KIRSEHIR,ANAVATAN PARTİSİ,400,0,0.0
KIRSEHIR,YENİLİK PARTİSİ,31,0,0.0
KIRSEHIR,HALKIN KURTULUŞ PARTİSİ,91,0,0.0
KIRSEHIR,MİLLİ YOL PARTİSİ,210,0,0.0
KIRSEHIR,VATAN PARTİSİ,88,0,0.0
KIRSEHIR,GÜÇ BİRLİĞİ PARTİSİ,152,0,0.0
KIRSEHIR,CUMHURİYET HALK PARTİSİ,44883,1,2.0216484340767478
KIRSEHIR,İYİ PARTİ,11077,0,0.0
KIRSEHIR,ADALET PARTİSİ,549,0,0.0
KIRSEHIR,ZAFER PARTİSİ,2963,0,0.0
KIRSEHIR,BAĞIMSIZLAR,0,0,0
KOCAELI,MİLLET PARTİSİ,1473,0,0.0
KOCAELI,HAK VE ÖZGÜRLÜKLER PARTİSİ,810,0,0.0
KOCAELI,TÜRKİYE KOMÜNİST PARTİSİ,2230,0,0.0
KOCAELI,TÜRKİYE KOMÜNİST HAREKETİ,559,0,0.0
KOCAELI,SOL PARTİ,1526,0,0.0
KOCAELI,GENÇ PARTİ,3947,0,0.0
KOCAELI,MEMLEKET PARTİSİ,17207,0,0.0
KOCAELI,BÜYÜK BİRLİK PARTİSİ,15648,0,0.0
KOCAELI,ADALET VE KALKINMA PARTİSİ,557756,6,0.9761004453560338
KOCAELI,YENİDEN REFAH PARTİSİ,80609,1,1.1256515608265414
KOCAELI,MİLLİYETÇİ HAREKET PARTİSİ,118434,1,0.766145251082178
KOCAELI,YEŞİLLER VE SOL GELECEK PARTİSİ,81741,1,1.1100628407612663
KOCAELI,TÜRKİYE İŞÇİ PARTİSİ,1351,0,0.0
KOCAELI,ADALET BİRLİK PARTİSİ,1489,0,0.0
KOCAELI,ANAVATAN PARTİSİ,39,0,0.0
KOCAELI,YENİLİK PARTİSİ,307,0,0.0
KOCAELI,HALKIN KURTULUŞ PARTİSİ,641,0,0.0
KOCAELI,MİLLİ YOL PARTİSİ,927,0,0.0
KOCAELI,VATAN PARTİSİ,1645,0,0.0
KOCAELI,GÜÇ BİRLİĞİ PARTİSİ,22,0,0.0
KOCAELI,CUMHURİYET HALK PARTİSİ,336806,4,1.0776250621030108
KOCAELI,İYİ PARTİ,133510,1,0.6796318378148952
KOCAELI,ADALET PARTİSİ,4038,0,0.0
KOCAELI,ZAFER PARTİSİ,43724,0,0.0
KOCAELI,BAĞIMSIZLAR,0,0,0
KONYA,MİLLET PARTİSİ,1654,0,0.0
KONYA,HAK VE ÖZGÜRLÜKLER PARTİSİ,1070,0,0.0
KONYA,TÜRKİYE KOMÜNİST PARTİSİ,890,0,0.0
KONYA,TÜRKİYE KOMÜNİST HAREKETİ,291,0,0.0
KONYA,SOL PARTİ,1122,0,0.0
KONYA,GENÇ PARTİ,53,0,0.0
KONYA,MEMLEKET PARTİSİ,12971,0,0.0
KONYA,BÜYÜK BİRLİK PARTİSİ,29325,0,0.0
KONYA,ADALET VE KALKINMA PARTİSİ,702348,9,1.1627267679270106
KONYA,YENİDEN REFAH PARTİSİ,74198,1,1.2229122977259046
KONYA,MİLLİYETÇİ HAREKET PARTİSİ,209563,2,0.8659701060460736
KONYA,YEŞİLLER VE SOL GELECEK PARTİSİ,41036,0,0.0
KONYA,TÜRKİYE İŞÇİ PARTİSİ,5987,0,0.0
KONYA,ADALET BİRLİK PARTİSİ,65,0,0.0
KONYA,ANAVATAN PARTİSİ,2535,0,0.0
KONYA,YENİLİK PARTİSİ,4,0,0.0
KONYA,HALKIN KURTULUŞ PARTİSİ,952,0,0.0
KONYA,MİLLİ YOL PARTİSİ,8,0,0.0
KONYA,VATAN PARTİSİ,863,0,0.0
KONYA,GÜÇ BİRLİĞİ PARTİSİ,702,0,0.0
KONYA,CUMHURİYET HALK PARTİSİ,200427,2,0.9054433451248253
KONYA,İYİ PARTİ,126898,1,0.7150439460564127
KONYA,ADALET PARTİSİ,5192,0,0.0
KONYA,ZAFER PARTİSİ,42981,0,0.0
KONYA,BAĞIMSIZLAR,3570,0,0.0
KUTAHYA,MİLLET PARTİSİ,720,0,0.0
KUTAHYA,HAK VE ÖZGÜRLÜKLER PARTİSİ,486,0,0.0
KUTAHYA,TÜRKİYE KOMÜNİST PARTİSİ,255,0,0.0
KUTAHYA,TÜRKİYE KOMÜNİST HAREKETİ,142,0,0.0
KUTAHYA,SOL PARTİ,141,0,0.0
KUTAHYA,GENÇ PARTİ,682,0,0.0
KUTAHYA,MEMLEKET PARTİSİ,3055,0,0.0
KUTAHYA,BÜYÜK BİRLİK PARTİSİ,4670,0,0.0
KUTAHYA,ADALET VE KALKINMA PARTİSİ,186008,3,1.463447486129629
KUTAHYA,YENİDEN REFAH PARTİSİ,28071,0,0.0
KUTAHYA,MİLLİYETÇİ HAREKET PARTİSİ,51928,1,1.7473741847686544
KUTAHYA,YEŞİLLER VE SOL GELECEK PARTİSİ,2352,0,0.0
KUTAHYA,TÜRKİYE İŞÇİ PARTİSİ,1356,0,0.0
KUTAHYA,ADALET BİRLİK PARTİSİ,18,0,0.0
KUTAHYA,ANAVATAN PARTİSİ,1021,0,0.0
KUTAHYA,YENİLİK PARTİSİ,1,0,0.0
KUTAHYA,HALKIN KURTULUŞ PARTİSİ,337,0,0.0
KUTAHYA,MİLLİ YOL PARTİSİ,2,0,0.0
KUTAHYA,VATAN PARTİSİ,463,0,0.0
KUTAHYA,GÜÇ BİRLİĞİ PARTİSİ,6,0,0.0
KUTAHYA,CUMHURİYET HALK PARTİSİ,67044,1,1.3534044309209872
KUTAHYA,İYİ PARTİ,41782,0,0.0
KUTAHYA,ADALET PARTİSİ,1502,0,0.0
KUTAHYA,ZAFER PARTİSİ,6811,0,0.0
KUTAHYA,BAĞIMSIZLAR,0,0,0
MALATYA,MİLLET PARTİSİ,259,0,0.0
MALATYA,HAK VE ÖZGÜRLÜKLER PARTİSİ,258,0,0.0
MALATYA,TÜRKİYE KOMÜNİST PARTİSİ,381,0,0.0
MALATYA,TÜRKİYE KOMÜNİST HAREKETİ,132,0,0.0
MALATYA,SOL PARTİ,578,0,0.0
MALATYA,GENÇ PARTİ,16,0,0.0
MALATYA,MEMLEKET PARTİSİ,2037,0,0.0
MALATYA,BÜYÜK BİRLİK PARTİSİ,5858,0,0.0
MALATYA,ADALET VE KALKINMA PARTİSİ,198557,4,1.827941531482983
MALATYA,YENİDEN REFAH PARTİSİ,40448,0,0.0
MALATYA,MİLLİYETÇİ HAREKET PARTİSİ,56762,1,1.5985632406657035
MALATYA,YEŞİLLER VE SOL GELECEK PARTİSİ,14170,0,0.0
MALATYA,TÜRKİYE İŞÇİ PARTİSİ,423,0,0.0
MALATYA,ADALET BİRLİK PARTİSİ,20,0,0.0
MALATYA,ANAVATAN PARTİSİ,1132,0,0.0
MALATYA,YENİLİK PARTİSİ,1,0,0.0
MALATYA,HALKIN KURTULUŞ PARTİSİ,246,0,0.0
MALATYA,MİLLİ YOL PARTİSİ,139,0,0.0
MALATYA,VATAN PARTİSİ,313,0,0.0
MALATYA,GÜÇ BİRLİĞİ PARTİSİ,190,0,0.0
MALATYA,CUMHURİYET HALK PARTİSİ,94921,1,0.9559280524506344
MALATYA,İYİ PARTİ,17277,0,0.0
MALATYA,ADALET PARTİSİ,28,0,0.0
MALATYA,ZAFER PARTİSİ,4948,0,0.0
MALATYA,BAĞIMSIZLAR,780,0,0.0
MANISA,MİLLET PARTİSİ,1288,0,0.0
MANISA,HAK VE ÖZGÜRLÜKLER PARTİSİ,1136,0,0.0
MANISA,TÜRKİYE KOMÜNİST PARTİSİ,1558,0,0.0
MANISA,TÜRKİYE KOMÜNİST HAREKETİ,444,0,0.0
MANISA,SOL PARTİ,1122,0,0.0
MANISA,GENÇ PARTİ,3173,0,0.0
MANISA,MEMLEKET PARTİSİ,10192,0,0.0
MANISA,BÜYÜK BİRLİK PARTİSİ,13476,0,0.0
MANISA,ADALET VE KALKINMA PARTİSİ,324468,4,1.1186021014912617
MANISA,YENİDEN REFAH PARTİSİ,15885,0,0.0
MANISA,MİLLİYETÇİ HAREKET PARTİSİ,144102,1,0.6296765254241209
MANISA,YEŞİLLER VE SOL GELECEK PARTİSİ,59090,0,0.0
MANISA,TÜRKİYE İŞÇİ PARTİSİ,982,0,0.0
MANISA,ADALET BİRLİK PARTİSİ,45,0,0.0
MANISA,ANAVATAN PARTİSİ,28,0,0.0
MANISA,YENİLİK PARTİSİ,366,0,0.0
MANISA,HALKIN KURTULUŞ PARTİSİ,886,0,0.0
MANISA,MİLLİ YOL PARTİSİ,751,0,0.0
MANISA,VATAN PARTİSİ,1603,0,0.0
MANISA,GÜÇ BİRLİĞİ PARTİSİ,16,0,0.0
MANISA,CUMHURİYET HALK PARTİSİ,300648,4,1.2072276771063393
MANISA,İYİ PARTİ,112905,1,0.8036636700470897
MANISA,ADALET PARTİSİ,3829,0,0.0
MANISA,ZAFER PARTİSİ,22537,0,0.0
MANISA,BAĞIMSIZLAR,1166,0,0.0
MARDIN,MİLLET PARTİSİ,191,0,0.0
MARDIN,HAK VE ÖZGÜRLÜKLER PARTİSİ,590,0,0.0
MARDIN,TÜRKİYE KOMÜNİST PARTİSİ,275,0,0.0
MARDIN,TÜRKİYE KOMÜNİST HAREKETİ,110,0,0.0
MARDIN,SOL PARTİ,2085,0,0.0
MARDIN,GENÇ PARTİ,263,0,0.0
MARDIN,MEMLEKET PARTİSİ,1248,0,0.0
MARDIN,BÜYÜK BİRLİK PARTİSİ,755,0,0.0
MARDIN,ADALET VE KALKINMA PARTİSİ,112572,2,1.6120819860474482
MARDIN,YENİDEN REFAH PARTİSİ,5037,0,0.0
MARDIN,MİLLİYETÇİ HAREKET PARTİSİ,15572,0,0.0
MARDIN,YEŞİLLER VE SOL GELECEK PARTİSİ,244036,4,1.4872829691794107
MARDIN,TÜRKİYE İŞÇİ PARTİSİ,430,0,0.0
MARDIN,ADALET BİRLİK PARTİSİ,695,0,0.0
MARDIN,ANAVATAN PARTİSİ,451,0,0.0
MARDIN,YENİLİK PARTİSİ,70,0,0.0
MARDIN,HALKIN KURTULUŞ PARTİSİ,178,0,0.0
MARDIN,MİLLİ YOL PARTİSİ,98,0,0.0
MARDIN,VATAN PARTİSİ,224,0,0.0
MARDIN,GÜÇ BİRLİĞİ PARTİSİ,328,0,0.0
MARDIN,CUMHURİYET HALK PARTİSİ,31993,0,0.0
MARDIN,İYİ PARTİ,5362,0,0.0
MARDIN,ADALET PARTİSİ,29,0,0.0
MARDIN,ZAFER PARTİSİ,2223,0,0.0
MARDIN,BAĞIMSIZLAR,22340,0,0.0
MERSIN,MİLLET PARTİSİ,986,0,0.0
MERSIN,HAK VE ÖZGÜRLÜKLER PARTİSİ,829,0,0.0
MERSIN,TÜRKİYE KOMÜNİST PARTİSİ,1266,0,0.0
MERSIN,TÜRKİYE KOMÜNİST HAREKETİ,327,0,0.0
MERSIN,SOL PARTİ,2025,0,0.0
MERSIN,GENÇ PARTİ,2665,0,0.0
MERSIN,MEMLEKET PARTİSİ,8909,0,0.0
MERSIN,BÜYÜK BİRLİK PARTİSİ,5667,0,0.0
MERSIN,ADALET VE KALKINMA PARTİSİ,311499,4,1.165174163212937
MERSIN,YENİDEN REFAH PARTİSİ,11361,0,0.0
MERSIN,MİLLİYETÇİ HAREKET PARTİSİ,149692,1,0.606162297695713
MERSIN,YEŞİLLER VE SOL GELECEK PARTİSİ,165078,2,1.0993305790797885
MERSIN,TÜRKİYE İŞÇİ PARTİSİ,25238,0,0.0
MERSIN,ADALET BİRLİK PARTİSİ,1275,0,0.0
MERSIN,ANAVATAN PARTİSİ,35,0,0.0
MERSIN,YENİLİK PARTİSİ,203,0,0.0
MERSIN,HALKIN KURTULUŞ PARTİSİ,559,0,0.0
MERSIN,MİLLİ YOL PARTİSİ,6,0,0.0
MERSIN,VATAN PARTİSİ,892,0,0.0
MERSIN,GÜÇ BİRLİĞİ PARTİSİ,852,0,0.0
MERSIN,CUMHURİYET HALK PARTİSİ,385539,5,1.1767635267335688
MERSIN,İYİ PARTİ,147713,1,0.6142834189723766
MERSIN,ADALET PARTİSİ,2667,0,0.0
MERSIN,ZAFER PARTİSİ,22540,0,0.0
MERSIN,BAĞIMSIZLAR,83,0,0.0
MUGLA,MİLLET PARTİSİ,740,0,0.0
MUGLA,HAK VE ÖZGÜRLÜKLER PARTİSİ,627,0,0.0
MUGLA,TÜRKİYE KOMÜNİST PARTİSİ,1198,0,0.0
MUGLA,TÜRKİYE KOMÜNİST HAREKETİ,256,0,0.0
MUGLA,SOL PARTİ,832,0,0.0
MUGLA,GENÇ PARTİ,2300,0,0.0
MUGLA,MEMLEKET PARTİSİ,8935,0,0.0
MUGLA,BÜYÜK BİRLİK PARTİSİ,2085,0,0.0
MUGLA,ADALET VE KALKINMA PARTİSİ,179668,2,1.0100590719178337
MUGLA,YENİDEN REFAH PARTİSİ,4585,0,0.0
MUGLA,MİLLİYETÇİ HAREKET PARTİSİ,45890,0,0.0
MUGLA,YEŞİLLER VE SOL GELECEK PARTİSİ,26021,0,0.0
MUGLA,TÜRKİYE İŞÇİ PARTİSİ,41198,0,0.0
MUGLA,ADALET BİRLİK PARTİSİ,33,0,0.0
MUGLA,ANAVATAN PARTİSİ,1142,0,0.0
MUGLA,YENİLİK PARTİSİ,182,0,0.0
MUGLA,HALKIN KURTULUŞ PARTİSİ,478,0,0.0
MUGLA,MİLLİ YOL PARTİSİ,258,0,0.0
MUGLA,VATAN PARTİSİ,1512,0,0.0
MUGLA,GÜÇ BİRLİĞİ PARTİSİ,12,0,0.0
MUGLA,CUMHURİYET HALK PARTİSİ,275572,4,1.3170807871143175
MUGLA,İYİ PARTİ,124900,1,0.7264823592207098
MUGLA,ADALET PARTİSİ,2364,0,0.0
MUGLA,ZAFER PARTİSİ,12251,0,0.0
MUGLA,BAĞIMSIZLAR,171,0,0.0
MUS,MİLLET PARTİSİ,141,0,0.0
MUS,HAK VE ÖZGÜRLÜKLER PARTİSİ,372,0,0.0
MUS,TÜRKİYE KOMÜNİST PARTİSİ,170,0,0.0
MUS,TÜRKİYE KOMÜNİST HAREKETİ,82,0,0.0
MUS,SOL PARTİ,1224,0,0.0
MUS,GENÇ PARTİ,224,0,0.0
MUS,MEMLEKET PARTİSİ,710,0,0.0
MUS,BÜYÜK BİRLİK PARTİSİ,695,0,0.0
MUS,ADALET VE KALKINMA PARTİSİ,40585,1,2.2357434191614307
MUS,YENİDEN REFAH PARTİSİ,5380,0,0.0
MUS,MİLLİYETÇİ HAREKET PARTİSİ,31302,0,0.0
MUS,YEŞİLLER VE SOL GELECEK PARTİSİ,95332,2,1.903613616973664
MUS,TÜRKİYE İŞÇİ PARTİSİ,183,0,0.0
MUS,ADALET BİRLİK PARTİSİ,8,0,0.0
MUS,ANAVATAN PARTİSİ,547,0,0.0
MUS,YENİLİK PARTİSİ,141,0,0.0
MUS,HALKIN KURTULUŞ PARTİSİ,170,0,0.0
MUS,MİLLİ YOL PARTİSİ,1,0,0.0
MUS,VATAN PARTİSİ,215,0,0.0
MUS,GÜÇ BİRLİĞİ PARTİSİ,275,0,0.0
MUS,CUMHURİYET HALK PARTİSİ,1494,0,0.0
MUS,İYİ PARTİ,10500,0,0.0
MUS,ADALET PARTİSİ,317,0,0.0
MUS,ZAFER PARTİSİ,62,0,0.0
MUS,BAĞIMSIZLAR,0,0,0
NEVSEHIR,MİLLET PARTİSİ,125,0,0.0
NEVSEHIR,HAK VE ÖZGÜRLÜKLER PARTİSİ,146,0,0.0
NEVSEHIR,TÜRKİYE KOMÜNİST PARTİSİ,127,0,0.0
NEVSEHIR,TÜRKİYE KOMÜNİST HAREKETİ,52,0,0.0
NEVSEHIR,SOL PARTİ,118,0,0.0
NEVSEHIR,GENÇ PARTİ,172,0,0.0
NEVSEHIR,MEMLEKET PARTİSİ,1061,0,0.0
NEVSEHIR,BÜYÜK BİRLİK PARTİSİ,1827,0,0.0
NEVSEHIR,ADALET VE KALKINMA PARTİSİ,81318,2,2.2316743320462056
NEVSEHIR,YENİDEN REFAH PARTİSİ,4123,0,0.0
NEVSEHIR,MİLLİYETÇİ HAREKET PARTİSİ,41781,1,2.1717442537676614
NEVSEHIR,YEŞİLLER VE SOL GELECEK PARTİSİ,1659,0,0.0
NEVSEHIR,TÜRKİYE İŞÇİ PARTİSİ,967,0,0.0
NEVSEHIR,ADALET BİRLİK PARTİSİ,9,0,0.0
NEVSEHIR,ANAVATAN PARTİSİ,434,0,0.0
NEVSEHIR,YENİLİK PARTİSİ,39,0,0.0
NEVSEHIR,HALKIN KURTULUŞ PARTİSİ,124,0,0.0
NEVSEHIR,MİLLİ YOL PARTİSİ,1,0,0.0
NEVSEHIR,VATAN PARTİSİ,236,0,0.0
NEVSEHIR,GÜÇ BİRLİĞİ PARTİSİ,3,0,0.0
NEVSEHIR,CUMHURİYET HALK PARTİSİ,36062,0,0.0
NEVSEHIR,İYİ PARTİ,32447,0,0.0
NEVSEHIR,ADALET PARTİSİ,631,0,0.0
NEVSEHIR,ZAFER PARTİSİ,2627,0,0.0
NEVSEHIR,BAĞIMSIZLAR,0,0,0
NIGDE,MİLLET PARTİSİ,194,0,0.0
NIGDE,HAK VE ÖZGÜRLÜKLER PARTİSİ,205,0,0.0
NIGDE,TÜRKİYE KOMÜNİST PARTİSİ,134,0,0.0
NIGDE,TÜRKİYE KOMÜNİST HAREKETİ,64,0,0.0
NIGDE,SOL PARTİ,96,0,0.0
NIGDE,GENÇ PARTİ,231,0,0.0
NIGDE,MEMLEKET PARTİSİ,1456,0,0.0
NIGDE,BÜYÜK BİRLİK PARTİSİ,1296,0,0.0
NIGDE,ADALET VE KALKINMA PARTİSİ,77906,1,1.164706783388528
NIGDE,YENİDEN REFAH PARTİSİ,6019,0,0.0
NIGDE,MİLLİYETÇİ HAREKET PARTİSİ,51413,1,1.7648774953157114
NIGDE,YEŞİLLER VE SOL GELECEK PARTİSİ,1765,0,0.0
NIGDE,TÜRKİYE İŞÇİ PARTİSİ,687,0,0.0
NIGDE,ADALET BİRLİK PARTİSİ,10,0,0.0
NIGDE,ANAVATAN PARTİSİ,343,0,0.0
NIGDE,YENİLİK PARTİSİ,36,0,0.0
NIGDE,HALKIN KURTULUŞ PARTİSİ,154,0,0.0
NIGDE,MİLLİ YOL PARTİSİ,70,0,0.0
NIGDE,VATAN PARTİSİ,226,0,0.0
NIGDE,GÜÇ BİRLİĞİ PARTİSİ,188,0,0.0
NIGDE,CUMHURİYET HALK PARTİSİ,55503,1,1.6348241836777593
NIGDE,İYİ PARTİ,27949,0,0.0
NIGDE,ADALET PARTİSİ,628,0,0.0
NIGDE,ZAFER PARTİSİ,3346,0,0.0
NIGDE,BAĞIMSIZLAR,0,0,0
ORDU,MİLLET PARTİSİ,541,0,0.0
ORDU,HAK VE ÖZGÜRLÜKLER PARTİSİ,1181,0,0.0
ORDU,TÜRKİYE KOMÜNİST PARTİSİ,480,0,0.0
ORDU,TÜRKİYE KOMÜNİST HAREKETİ,217,0,0.0
ORDU,SOL PARTİ,481,0,0.0
ORDU,GENÇ PARTİ,19,0,0.0
ORDU,MEMLEKET PARTİSİ,4024,0,0.0
ORDU,BÜYÜK BİRLİK PARTİSİ,4191,0,0.0
ORDU,ADALET VE KALKINMA PARTİSİ,234058,3,1.1630148937442857
ORDU,YENİDEN REFAH PARTİSİ,11821,0,0.0
ORDU,MİLLİYETÇİ HAREKET PARTİSİ,65860,1,1.3777352970948478
ORDU,YEŞİLLER VE SOL GELECEK PARTİSİ,2706,0,0.0
ORDU,TÜRKİYE İŞÇİ PARTİSİ,2239,0,0.0
ORDU,ADALET BİRLİK PARTİSİ,23,0,0.0
ORDU,ANAVATAN PARTİSİ,2236,0,0.0
ORDU,YENİLİK PARTİSİ,140,0,0.0
ORDU,HALKIN KURTULUŞ PARTİSİ,579,0,0.0
ORDU,MİLLİ YOL PARTİSİ,3,0,0.0
ORDU,VATAN PARTİSİ,566,0,0.0
ORDU,GÜÇ BİRLİĞİ PARTİSİ,411,0,0.0
ORDU,CUMHURİYET HALK PARTİSİ,125438,2,1.4467329942547977
ORDU,İYİ PARTİ,50604,0,0.0
ORDU,ADALET PARTİSİ,2183,0,0.0
ORDU,ZAFER PARTİSİ,7309,0,0.0
ORDU,BAĞIMSIZLAR,0,0,0
OSMANIYE,MİLLET PARTİSİ,273,0,0.0
OSMANIYE,HAK VE ÖZGÜRLÜKLER PARTİSİ,199,0,0.0
OSMANIYE,TÜRKİYE KOMÜNİST PARTİSİ,253,0,0.0
OSMANIYE,TÜRKİYE KOMÜNİST HAREKETİ,88,0,0.0
OSMANIYE,SOL PARTİ,178,0,0.0
OSMANIYE,GENÇ PARTİ,653,0,0.0
OSMANIYE,MEMLEKET PARTİSİ,2140,0,0.0
OSMANIYE,BÜYÜK BİRLİK PARTİSİ,1964,0,0.0
OSMANIYE,ADALET VE KALKINMA PARTİSİ,114016,2,1.5916651464121996
OSMANIYE,YENİDEN REFAH PARTİSİ,6688,0,0.0
OSMANIYE,MİLLİYETÇİ HAREKET PARTİSİ,97767,1,0.9281009611286698
OSMANIYE,YEŞİLLER VE SOL GELECEK PARTİSİ,7780,0,0.0
OSMANIYE,TÜRKİYE İŞÇİ PARTİSİ,1276,0,0.0
OSMANIYE,ADALET BİRLİK PARTİSİ,383,0,0.0
OSMANIYE,ANAVATAN PARTİSİ,10,0,0.0
OSMANIYE,YENİLİK PARTİSİ,56,0,0.0
OSMANIYE,HALKIN KURTULUŞ PARTİSİ,373,0,0.0
OSMANIYE,MİLLİ YOL PARTİSİ,2,0,0.0
OSMANIYE,VATAN PARTİSİ,397,0,0.0
OSMANIYE,GÜÇ BİRLİĞİ PARTİSİ,5,0,0.0
OSMANIYE,CUMHURİYET HALK PARTİSİ,59490,1,1.5252588110046505
OSMANIYE,İYİ PARTİ,43108,0,0.0
OSMANIYE,ADALET PARTİSİ,22,0,0.0
OSMANIYE,ZAFER PARTİSİ,5846,0,0.0
OSMANIYE,BAĞIMSIZLAR,385,0,0.0
RIZE,MİLLET PARTİSİ,249,0,0.0
RIZE,HAK VE ÖZGÜRLÜKLER PARTİSİ,287,0,0.0
RIZE,TÜRKİYE KOMÜNİST PARTİSİ,169,0,0.0
RIZE,TÜRKİYE KOMÜNİST HAREKETİ,61,0,0.0
RIZE,SOL PARTİ,179,0,0.0
RIZE,GENÇ PARTİ,284,0,0.0
RIZE,MEMLEKET PARTİSİ,2451,0,0.0
RIZE,BÜYÜK BİRLİK PARTİSİ,3727,0,0.0
RIZE,ADALET VE KALKINMA PARTİSİ,127719,2,1.4208950378043466
RIZE,YENİDEN REFAH PARTİSİ,12063,0,0.0
RIZE,MİLLİYETÇİ HAREKET PARTİSİ,31034,0,0.0
RIZE,YEŞİLLER VE SOL GELECEK PARTİSİ,1495,0,0.0
RIZE,TÜRKİYE İŞÇİ PARTİSİ,919,0,0.0
RIZE,ADALET BİRLİK PARTİSİ,11,0,0.0
RIZE,ANAVATAN PARTİSİ,1414,0,0.0
RIZE,YENİLİK PARTİSİ,49,0,0.0
RIZE,HALKIN KURTULUŞ PARTİSİ,170,0,0.0
RIZE,MİLLİ YOL PARTİSİ,124,0,0.0
RIZE,VATAN PARTİSİ,168,0,0.0
RIZE,GÜÇ BİRLİĞİ PARTİSİ,152,0,0.0
RIZE,CUMHURİYET HALK PARTİSİ,51331,1,1.7676968433630103
RIZE,İYİ PARTİ,283,0,0.0
RIZE,ADALET PARTİSİ,958,0,0.0
RIZE,ZAFER PARTİSİ,4152,0,0.0
RIZE,BAĞIMSIZLAR,0,0,0
SAKARYA,MİLLET PARTİSİ,776,0,0.0
SAKARYA,HAK VE ÖZGÜRLÜKLER PARTİSİ,445,0,0.0
SAKARYA,TÜRKİYE KOMÜNİST PARTİSİ,432,0,0.0
SAKARYA,TÜRKİYE KOMÜNİST HAREKETİ,104,0,0.0
SAKARYA,SOL PARTİ,387,0,0.0
SAKARYA,GENÇ PARTİ,4091,0,0.0
SAKARYA,MEMLEKET PARTİSİ,7338,0,0.0
SAKARYA,BÜYÜK BİRLİK PARTİSİ,6598,0,0.0
SAKARYA,ADALET VE KALKINMA PARTİSİ,344743,5,1.3160186960528084
SAKARYA,YENİDEN REFAH PARTİSİ,36058,0,0.0
SAKARYA,MİLLİYETÇİ HAREKET PARTİSİ,87531,1,1.0366344114275703
SAKARYA,YEŞİLLER VE SOL GELECEK PARTİSİ,12700,0,0.0
SAKARYA,TÜRKİYE İŞÇİ PARTİSİ,4414,0,0.0
SAKARYA,ADALET BİRLİK PARTİSİ,752,0,0.0
SAKARYA,ANAVATAN PARTİSİ,20,0,0.0
SAKARYA,YENİLİK PARTİSİ,133,0,0.0
SAKARYA,HALKIN KURTULUŞ PARTİSİ,413,0,0.0
SAKARYA,MİLLİ YOL PARTİSİ,331,0,0.0
SAKARYA,VATAN PARTİSİ,741,0,0.0
SAKARYA,GÜÇ BİRLİĞİ PARTİSİ,12,0,0.0
SAKARYA,CUMHURİYET HALK PARTİSİ,119414,1,0.7598576939610654
SAKARYA,İYİ PARTİ,79512,1,1.141181792266157
SAKARYA,ADALET PARTİSİ,2369,0,0.0
SAKARYA,ZAFER PARTİSİ,19052,0,0.0
SAKARYA,BAĞIMSIZLAR,0,0,0
SAMSUN,MİLLET PARTİSİ,1191,0,0.0
SAMSUN,HAK VE ÖZGÜRLÜKLER PARTİSİ,922,0,0.0
SAMSUN,TÜRKİYE KOMÜNİST PARTİSİ,970,0,0.0
SAMSUN,TÜRKİYE KOMÜNİST HAREKETİ,268,0,0.0
SAMSUN,SOL PARTİ,515,0,0.0
SAMSUN,GENÇ PARTİ,1899,0,0.0
SAMSUN,MEMLEKET PARTİSİ,9849,0,0.0
SAMSUN,BÜYÜK BİRLİK PARTİSİ,12534,0,0.0
SAMSUN,ADALET VE KALKINMA PARTİSİ,391480,5,1.1589052654882328
SAMSUN,YENİDEN REFAH PARTİSİ,36610,0,0.0
SAMSUN,MİLLİYETÇİ HAREKET PARTİSİ,131298,1,0.6910817123388526
SAMSUN,YEŞİLLER VE SOL GELECEK PARTİSİ,5551,0,0.0
SAMSUN,TÜRKİYE İŞÇİ PARTİSİ,6506,0,0.0
SAMSUN,ADALET BİRLİK PARTİSİ,1582,0,0.0
SAMSUN,ANAVATAN PARTİSİ,2348,0,0.0
SAMSUN,YENİLİK PARTİSİ,3,0,0.0
SAMSUN,HALKIN KURTULUŞ PARTİSİ,729,0,0.0
SAMSUN,MİLLİ YOL PARTİSİ,5,0,0.0
SAMSUN,VATAN PARTİSİ,743,0,0.0
SAMSUN,GÜÇ BİRLİĞİ PARTİSİ,414,0,0.0
SAMSUN,CUMHURİYET HALK PARTİSİ,182225,2,0.9958858188137376
SAMSUN,İYİ PARTİ,111192,1,0.8160447394296952
SAMSUN,ADALET PARTİSİ,59,0,0.0
SAMSUN,ZAFER PARTİSİ,19856,0,0.0
SAMSUN,BAĞIMSIZLAR,3278,0,0.0
SANLIURFA,MİLLET PARTİSİ,660,0,0.0
SANLIURFA,HAK VE ÖZGÜRLÜKLER PARTİSİ,829,0,0.0
SANLIURFA,TÜRKİYE KOMÜNİST PARTİSİ,738,0,0.0
SANLIURFA,TÜRKİYE KOMÜNİST HAREKETİ,277,0,0.0
SANLIURFA,SOL PARTİ,3376,0,0.0
SANLIURFA,GENÇ PARTİ,36,0,0.0
SANLIURFA,MEMLEKET PARTİSİ,3980,0,0.0
SANLIURFA,BÜYÜK BİRLİK PARTİSİ,4350,0,0.0
SANLIURFA,ADALET VE KALKINMA PARTİSİ,424999,8,1.7080067796237952
SANLIURFA,YENİDEN REFAH PARTİSİ,28949,0,0.0
SANLIURFA,MİLLİYETÇİ HAREKET PARTİSİ,93267,1,0.9728805115063921
SANLIURFA,YEŞİLLER VE SOL GELECEK PARTİSİ,245500,4,1.4784137949762388
SANLIURFA,TÜRKİYE İŞÇİ PARTİSİ,950,0,0.0
SANLIURFA,ADALET BİRLİK PARTİSİ,1296,0,0.0
SANLIURFA,ANAVATAN PARTİSİ,1119,0,0.0
SANLIURFA,YENİLİK PARTİSİ,3,0,0.0
SANLIURFA,HALKIN KURTULUŞ PARTİSİ,458,0,0.0
SANLIURFA,MİLLİ YOL PARTİSİ,741,0,0.0
SANLIURFA,VATAN PARTİSİ,545,0,0.0
SANLIURFA,GÜÇ BİRLİĞİ PARTİSİ,659,0,0.0
SANLIURFA,CUMHURİYET HALK PARTİSİ,79539,1,1.1407944111274553
SANLIURFA,İYİ PARTİ,45097,0,0.0
SANLIURFA,ADALET PARTİSİ,64,0,0.0
SANLIURFA,ZAFER PARTİSİ,323,0,0.0
SANLIURFA,BAĞIMSIZLAR,51399,0,0.0
SIIRT,MİLLET PARTİSİ,79,0,0.0
SIIRT,HAK VE ÖZGÜRLÜKLER PARTİSİ,202,0,0.0
SIIRT,TÜRKİYE KOMÜNİST PARTİSİ,135,0,0.0
SIIRT,TÜRKİYE KOMÜNİST HAREKETİ,62,0,0.0
SIIRT,SOL PARTİ,728,0,0.0
SIIRT,GENÇ PARTİ,139,0,0.0
SIIRT,MEMLEKET PARTİSİ,784,0,0.0
SIIRT,BÜYÜK BİRLİK PARTİSİ,469,0,0.0
SIIRT,ADALET VE KALKINMA PARTİSİ,59553,1,1.5236452683603963
SIIRT,YENİDEN REFAH PARTİSİ,1958,0,0.0
SIIRT,MİLLİYETÇİ HAREKET PARTİSİ,6462,0,0.0
SIIRT,YEŞİLLER VE SOL GELECEK PARTİSİ,77267,2,2.3486778745561927
SIIRT,TÜRKİYE İŞÇİ PARTİSİ,159,0,0.0
SIIRT,ADALET BİRLİK PARTİSİ,324,0,0.0
SIIRT,ANAVATAN PARTİSİ,220,0,0.0
SIIRT,YENİLİK PARTİSİ,1,0,0.0
SIIRT,HALKIN KURTULUŞ PARTİSİ,138,0,0.0
SIIRT,MİLLİ YOL PARTİSİ,1,0,0.0
SIIRT,VATAN PARTİSİ,151,0,0.0
SIIRT,GÜÇ BİRLİĞİ PARTİSİ,3,0,0.0
SIIRT,CUMHURİYET HALK PARTİSİ,12843,0,0.0
SIIRT,İYİ PARTİ,2482,0,0.0
SIIRT,ADALET PARTİSİ,241,0,0.0
SIIRT,ZAFER PARTİSİ,54,0,0.0
SIIRT,BAĞIMSIZLAR,1268,0,0.0
SINOP,MİLLET PARTİSİ,233,0,0.0
SINOP,HAK VE ÖZGÜRLÜKLER PARTİSİ,454,0,0.0
SINOP,TÜRKİYE KOMÜNİST PARTİSİ,226,0,0.0
SINOP,TÜRKİYE KOMÜNİST HAREKETİ,108,0,0.0
SINOP,SOL PARTİ,117,0,0.0
SINOP,GENÇ PARTİ,247,0,0.0
SINOP,MEMLEKET PARTİSİ,1408,0,0.0
SINOP,BÜYÜK BİRLİK PARTİSİ,6592,0,0.0
SINOP,ADALET VE KALKINMA PARTİSİ,64032,1,1.4170671955688823
SINOP,YENİDEN REFAH PARTİSİ,3363,0,0.0
SINOP,MİLLİYETÇİ HAREKET PARTİSİ,13703,0,0.0
SINOP,YEŞİLLER VE SOL GELECEK PARTİSİ,992,0,0.0
SINOP,TÜRKİYE İŞÇİ PARTİSİ,1258,0,0.0
SINOP,ADALET BİRLİK PARTİSİ,7,0,0.0
SINOP,ANAVATAN PARTİSİ,442,0,0.0
SINOP,YENİLİK PARTİSİ,193,0,0.0
SINOP,HALKIN KURTULUŞ PARTİSİ,239,0,0.0
SINOP,MİLLİ YOL PARTİSİ,1,0,0.0
SINOP,VATAN PARTİSİ,228,0,0.0
SINOP,GÜÇ BİRLİĞİ PARTİSİ,158,0,0.0
SINOP,CUMHURİYET HALK PARTİSİ,38493,1,2.3572505823569654
SINOP,İYİ PARTİ,14099,0,0.0
SINOP,ADALET PARTİSİ,972,0,0.0
SINOP,ZAFER PARTİSİ,2230,0,0.0
SINOP,BAĞIMSIZLAR,0,0,0
SIRNAK,MİLLET PARTİSİ,78,0,0.0
SIRNAK,HAK VE ÖZGÜRLÜKLER PARTİSİ,354,0,0.0
SIRNAK,TÜRKİYE KOMÜNİST PARTİSİ,168,0,0.0
SIRNAK,TÜRKİYE KOMÜNİST HAREKETİ,92,0,0.0
SIRNAK,SOL PARTİ,1186,0,0.0
SIRNAK,GENÇ PARTİ,185,0,0.0
SIRNAK,MEMLEKET PARTİSİ,1017,0,0.0
SIRNAK,BÜYÜK BİRLİK PARTİSİ,417,0,0.0
SIRNAK,ADALET VE KALKINMA PARTİSİ,58732,1,1.5449439260823177
SIRNAK,YENİDEN REFAH PARTİSİ,1636,0,0.0
SIRNAK,MİLLİYETÇİ HAREKET PARTİSİ,6738,0,0.0
SIRNAK,YEŞİLLER VE SOL GELECEK PARTİSİ,171602,3,1.5863040057808184
SIRNAK,TÜRKİYE İŞÇİ PARTİSİ,263,0,0.0
SIRNAK,ADALET BİRLİK PARTİSİ,474,0,0.0
SIRNAK,ANAVATAN PARTİSİ,223,0,0.0
SIRNAK,YENİLİK PARTİSİ,74,0,0.0
SIRNAK,HALKIN KURTULUŞ PARTİSİ,114,0,0.0
SIRNAK,MİLLİ YOL PARTİSİ,1,0,0.0
SIRNAK,VATAN PARTİSİ,148,0,0.0
SIRNAK,GÜÇ BİRLİĞİ PARTİSİ,209,0,0.0
SIRNAK,CUMHURİYET HALK PARTİSİ,23826,0,0.0
SIRNAK,İYİ PARTİ,3172,0,0.0
SIRNAK,ADALET PARTİSİ,229,0,0.0
SIRNAK,ZAFER PARTİSİ,3117,0,0.0
SIRNAK,BAĞIMSIZLAR,0,0,0
SIVAS,MİLLET PARTİSİ,253,0,0.0
SIVAS,HAK VE ÖZGÜRLÜKLER PARTİSİ,273,0,0.0
SIVAS,TÜRKİYE KOMÜNİST PARTİSİ,238,0,0.0
SIVAS,TÜRKİYE KOMÜNİST HAREKETİ,84,0,0.0
SIVAS,SOL PARTİ,189,0,0.0
SIVAS,GENÇ PARTİ,15,0,0.0
SIVAS,MEMLEKET PARTİSİ,2188,0,0.0
SIVAS,BÜYÜK BİRLİK PARTİSİ,41666,0,0.0
SIVAS,ADALET VE KALKINMA PARTİSİ,169729,3,1.6038092488614204
SIVAS,YENİDEN REFAH PARTİSİ,14273,0,0.0
SIVAS,MİLLİYETÇİ HAREKET PARTİSİ,75299,1,1.2050312310477784
SIVAS,YEŞİLLER VE SOL GELECEK PARTİSİ,3114,0,0.0
SIVAS,TÜRKİYE İŞÇİ PARTİSİ,1921,0,0.0
SIVAS,ADALET BİRLİK PARTİSİ,19,0,0.0
SIVAS,ANAVATAN PARTİSİ,12,0,0.0
SIVAS,YENİLİK PARTİSİ,60,0,0.0
SIVAS,HALKIN KURTULUŞ PARTİSİ,177,0,0.0
SIVAS,MİLLİ YOL PARTİSİ,964,0,0.0
SIVAS,VATAN PARTİSİ,225,0,0.0
SIVAS,GÜÇ BİRLİĞİ PARTİSİ,317,0,0.0
SIVAS,CUMHURİYET HALK PARTİSİ,68389,1,1.3267871538795226
SIVAS,İYİ PARTİ,30284,0,0.0
SIVAS,ADALET PARTİSİ,27,0,0.0
SIVAS,ZAFER PARTİSİ,7448,0,0.0
SIVAS,BAĞIMSIZLAR,667,0,0.0
TEKIRDAG,MİLLET PARTİSİ,777,0,0.0
TEKIRDAG,HAK VE ÖZGÜRLÜKLER PARTİSİ,671,0,0.0
TEKIRDAG,TÜRKİYE KOMÜNİST PARTİSİ,695,0,0.0
TEKIRDAG,TÜRKİYE KOMÜNİST HAREKETİ,216,0,0.0
TEKIRDAG,SOL PARTİ,806,0,0.0
TEKIRDAG,GENÇ PARTİ,3979,0,0.0
TEKIRDAG,MEMLEKET PARTİSİ,9945,0,0.0
TEKIRDAG,BÜYÜK BİRLİK PARTİSİ,4242,0,0.0
TEKIRDAG,ADALET VE KALKINMA PARTİSİ,241165,3,1.1287414840461925
TEKIRDAG,YENİDEN REFAH PARTİSİ,12412,0,0.0
TEKIRDAG,MİLLİYETÇİ HAREKET PARTİSİ,50635,0,0.0
TEKIRDAG,YEŞİLLER VE SOL GELECEK PARTİSİ,48679,0,0.0
TEKIRDAG,TÜRKİYE İŞÇİ PARTİSİ,12557,0,0.0
TEKIRDAG,ADALET BİRLİK PARTİSİ,599,0,0.0
TEKIRDAG,ANAVATAN PARTİSİ,22,0,0.0
TEKIRDAG,YENİLİK PARTİSİ,2,0,0.0
TEKIRDAG,HALKIN KURTULUŞ PARTİSİ,519,0,0.0
TEKIRDAG,MİLLİ YOL PARTİSİ,4,0,0.0
TEKIRDAG,VATAN PARTİSİ,1189,0,0.0
TEKIRDAG,GÜÇ BİRLİĞİ PARTİSİ,12,0,0.0
TEKIRDAG,CUMHURİYET HALK PARTİSİ,284485,4,1.275816252760837
TEKIRDAG,İYİ PARTİ,87644,1,1.0352978716930612
TEKIRDAG,ADALET PARTİSİ,1898,0,0.0
TEKIRDAG,ZAFER PARTİSİ,17873,0,0.0
TEKIRDAG,BAĞIMSIZLAR,3686,0,0.0
TOKAT,MİLLET PARTİSİ,438,0,0.0
TOKAT,HAK VE ÖZGÜRLÜKLER PARTİSİ,355,0,0.0
TOKAT,TÜRKİYE KOMÜNİST PARTİSİ,225,0,0.0
TOKAT,TÜRKİYE KOMÜNİST HAREKETİ,72,0,0.0
TOKAT,SOL PARTİ,272,0,0.0
TOKAT,GENÇ PARTİ,15,0,0.0
TOKAT,MEMLEKET PARTİSİ,2191,0,0.0
TOKAT,BÜYÜK BİRLİK PARTİSİ,11313,0,0.0
TOKAT,ADALET VE KALKINMA PARTİSİ,151133,3,1.8011482601417295
TOKAT,YENİDEN REFAH PARTİSİ,9349,0,0.0
TOKAT,MİLLİYETÇİ HAREKET PARTİSİ,89187,1,1.0173864651425282
TOKAT,YEŞİLLER VE SOL GELECEK PARTİSİ,2538,0,0.0
TOKAT,TÜRKİYE İŞÇİ PARTİSİ,1609,0,0.0
TOKAT,ADALET BİRLİK PARTİSİ,18,0,0.0
TOKAT,ANAVATAN PARTİSİ,820,0,0.0
TOKAT,YENİLİK PARTİSİ,1,0,0.0
TOKAT,HALKIN KURTULUŞ PARTİSİ,282,0,0.0
TOKAT,MİLLİ YOL PARTİSİ,2,0,0.0
TOKAT,VATAN PARTİSİ,245,0,0.0
TOKAT,GÜÇ BİRLİĞİ PARTİSİ,222,0,0.0
TOKAT,CUMHURİYET HALK PARTİSİ,83614,1,1.0851968171199402
TOKAT,İYİ PARTİ,44606,0,0.0
TOKAT,ADALET PARTİSİ,26,0,0.0
TOKAT,ZAFER PARTİSİ,5572,0,0.0
TOKAT,BAĞIMSIZLAR,0,0,0
TRABZON,MİLLET PARTİSİ,592,0,0.0
TRABZON,HAK VE ÖZGÜRLÜKLER PARTİSİ,680,0,0.0
TRABZON,TÜRKİYE KOMÜNİST PARTİSİ,306,0,0.0
TRABZON,TÜRKİYE KOMÜNİST HAREKETİ,149,0,0.0
TRABZON,SOL PARTİ,314,0,0.0
TRABZON,GENÇ PARTİ,20,0,0.0
TRABZON,MEMLEKET PARTİSİ,4726,0,0.0
TRABZON,BÜYÜK BİRLİK PARTİSİ,8394,0,0.0
TRABZON,ADALET VE KALKINMA PARTİSİ,263451,4,1.377677771831068
TRABZON,YENİDEN REFAH PARTİSİ,24768,0,0.0
TRABZON,MİLLİYETÇİ HAREKET PARTİSİ,59779,0,0.0
TRABZON,YEŞİLLER VE SOL GELECEK PARTİSİ,3426,0,0.0
TRABZON,TÜRKİYE İŞÇİ PARTİSİ,1877,0,0.0
TRABZON,ADALET BİRLİK PARTİSİ,24,0,0.0
TRABZON,ANAVATAN PARTİSİ,15,0,0.0
TRABZON,YENİLİK PARTİSİ,175,0,0.0
TRABZON,HALKIN KURTULUŞ PARTİSİ,405,0,0.0
TRABZON,MİLLİ YOL PARTİSİ,3,0,0.0
TRABZON,VATAN PARTİSİ,602,0,0.0
TRABZON,GÜÇ BİRLİĞİ PARTİSİ,9,0,0.0
TRABZON,CUMHURİYET HALK PARTİSİ,99425,1,0.9126240549828178
TRABZON,İYİ PARTİ,66698,1,1.3604253001089488
TRABZON,ADALET PARTİSİ,1859,0,0.0
TRABZON,ZAFER PARTİSİ,10137,0,0.0
TRABZON,BAĞIMSIZLAR,3714,0,0.0
TUNCELI,MİLLET PARTİSİ,30,0,0.0
TUNCELI,HAK VE ÖZGÜRLÜKLER PARTİSİ,48,0,0.0
TUNCELI,TÜRKİYE KOMÜNİST PARTİSİ,142,0,0.0
TUNCELI,TÜRKİYE KOMÜNİST HAREKETİ,73,0,0.0
TUNCELI,SOL PARTİ,708,0,0.0
TUNCELI,GENÇ PARTİ,63,0,0.0
TUNCELI,MEMLEKET PARTİSİ,279,0,0.0
TUNCELI,BÜYÜK BİRLİK PARTİSİ,174,0,0.0
TUNCELI,ADALET VE KALKINMA PARTİSİ,7652,0,0.0
TUNCELI,YENİDEN REFAH PARTİSİ,571,0,0.0
TUNCELI,MİLLİYETÇİ HAREKET PARTİSİ,3240,0,0.0
TUNCELI,YEŞİLLER VE SOL GELECEK PARTİSİ,24762,1,3.6643908677274317
TUNCELI,TÜRKİYE İŞÇİ PARTİSİ,56,0,0.0
TUNCELI,ADALET BİRLİK PARTİSİ,3,0,0.0
TUNCELI,ANAVATAN PARTİSİ,82,0,0.0
TUNCELI,YENİLİK PARTİSİ,27,0,0.0
TUNCELI,HALKIN KURTULUŞ PARTİSİ,27,0,0.0
TUNCELI,MİLLİ YOL PARTİSİ,13,0,0.0
TUNCELI,VATAN PARTİSİ,40,0,0.0
TUNCELI,GÜÇ BİRLİĞİ PARTİSİ,45,0,0.0
TUNCELI,CUMHURİYET HALK PARTİSİ,18518,0,0.0
TUNCELI,İYİ PARTİ,1306,0,0.0
TUNCELI,ADALET PARTİSİ,63,0,0.0
TUNCELI,ZAFER PARTİSİ,19,0,0.0
TUNCELI,BAĞIMSIZLAR,0,0,0
USAK,MİLLET PARTİSİ,253,0,0.0
USAK,HAK VE ÖZGÜRLÜKLER PARTİSİ,226,0,0.0
USAK,TÜRKİYE KOMÜNİST PARTİSİ,149,0,0.0
USAK,TÜRKİYE KOMÜNİST HAREKETİ,66,0,0.0
USAK,SOL PARTİ,338,0,0.0
USAK,GENÇ PARTİ,628,0,0.0
USAK,MEMLEKET PARTİSİ,2241,0,0.0
USAK,BÜYÜK BİRLİK PARTİSİ,1675,0,0.0
USAK,ADALET VE KALKINMA PARTİSİ,92329,2,1.9655286349178844
USAK,YENİDEN REFAH PARTİSİ,3627,0,0.0
USAK,MİLLİYETÇİ HAREKET PARTİSİ,23971,0,0.0
USAK,YEŞİLLER VE SOL GELECEK PARTİSİ,4071,0,0.0
USAK,TÜRKİYE İŞÇİ PARTİSİ,1100,0,0.0
USAK,ADALET BİRLİK PARTİSİ,310,0,0.0
USAK,ANAVATAN PARTİSİ,536,0,0.0
USAK,YENİLİK PARTİSİ,1,0,0.0
USAK,HALKIN KURTULUŞ PARTİSİ,214,0,0.0
USAK,MİLLİ YOL PARTİSİ,1,0,0.0
USAK,VATAN PARTİSİ,411,0,0.0
USAK,GÜÇ BİRLİĞİ PARTİSİ,4,0,0.0
USAK,CUMHURİYET HALK PARTİSİ,74377,1,1.2199691660952536
USAK,İYİ PARTİ,44606,0,0.0
USAK,ADALET PARTİSİ,892,0,0.0
USAK,ZAFER PARTİSİ,4128,0,0.0
USAK,BAĞIMSIZLAR,0,0,0
VAN,MİLLET PARTİSİ,289,0,0.0
VAN,HAK VE ÖZGÜRLÜKLER PARTİSİ,878,0,0.0
VAN,TÜRKİYE KOMÜNİST PARTİSİ,776,0,0.0
VAN,TÜRKİYE KOMÜNİST HAREKETİ,288,0,0.0
VAN,SOL PARTİ,3311,0,0.0
VAN,GENÇ PARTİ,20,0,0.0
VAN,MEMLEKET PARTİSİ,2702,0,0.0
VAN,BÜYÜK BİRLİK PARTİSİ,4590,0,0.0
VAN,ADALET VE KALKINMA PARTİSİ,142935,2,1.2696351022026329
VAN,YENİDEN REFAH PARTİSİ,17141,0,0.0
VAN,MİLLİYETÇİ HAREKET PARTİSİ,27966,0,0.0
VAN,YEŞİLLER VE SOL GELECEK PARTİSİ,289239,6,1.8822699566794243
VAN,TÜRKİYE İŞÇİ PARTİSİ,526,0,0.0
VAN,ADALET BİRLİK PARTİSİ,24,0,0.0
VAN,ANAVATAN PARTİSİ,15,0,0.0
VAN,YENİLİK PARTİSİ,2,0,0.0
VAN,HALKIN KURTULUŞ PARTİSİ,1049,0,0.0
VAN,MİLLİ YOL PARTİSİ,279,0,0.0
VAN,VATAN PARTİSİ,554,0,0.0
VAN,GÜÇ BİRLİĞİ PARTİSİ,9,0,0.0
VAN,CUMHURİYET HALK PARTİSİ,47763,0,0.0
VAN,İYİ PARTİ,648,0,0.0
VAN,ADALET PARTİSİ,35,0,0.0
VAN,ZAFER PARTİSİ,4280,0,0.0
VAN,BAĞIMSIZLAR,2565,0,0.0
YALOVA,MİLLET PARTİSİ,259,0,0.0
YALOVA,HAK VE ÖZGÜRLÜKLER PARTİSİ,103,0,0.0
YALOVA,TÜRKİYE KOMÜNİST PARTİSİ,127,0,0.0
YALOVA,TÜRKİYE KOMÜNİST HAREKETİ,36,0,0.0
YALOVA,SOL PARTİ,202,0,0.0
YALOVA,GENÇ PARTİ,425,0,0.0
YALOVA,MEMLEKET PARTİSİ,4963,0,0.0
YALOVA,BÜYÜK BİRLİK PARTİSİ,1162,0,0.0
YALOVA,ADALET VE KALKINMA PARTİSİ,61762,2,2.9383001414030203
YALOVA,YENİDEN REFAH PARTİSİ,3795,0,0.0
YALOVA,MİLLİYETÇİ HAREKET PARTİSİ,20500,0,0.0
YALOVA,YEŞİLLER VE SOL GELECEK PARTİSİ,10403,0,0.0
YALOVA,TÜRKİYE İŞÇİ PARTİSİ,1951,0,0.0
YALOVA,ADALET BİRLİK PARTİSİ,165,0,0.0
YALOVA,ANAVATAN PARTİSİ,369,0,0.0
YALOVA,YENİLİK PARTİSİ,27,0,0.0
YALOVA,HALKIN KURTULUŞ PARTİSİ,92,0,0.0
YALOVA,MİLLİ YOL PARTİSİ,66,0,0.0
YALOVA,VATAN PARTİSİ,144,0,0.0
YALOVA,GÜÇ BİRLİĞİ PARTİSİ,135,0,0.0
YALOVA,CUMHURİYET HALK PARTİSİ,51819,1,1.7510497436590184
YALOVA,İYİ PARTİ,17173,0,0.0
YALOVA,ADALET PARTİSİ,523,0,0.0
YALOVA,ZAFER PARTİSİ,4112,0,0.0
YALOVA,BAĞIMSIZLAR,0,0,0
YOZGAT,MİLLET PARTİSİ,343,0,0.0
YOZGAT,HAK VE ÖZGÜRLÜKLER PARTİSİ,291,0,0.0
YOZGAT,TÜRKİYE KOMÜNİST PARTİSİ,186,0,0.0
YOZGAT,TÜRKİYE KOMÜNİST HAREKETİ,63,0,0.0
YOZGAT,SOL PARTİ,263,0,0.0
YOZGAT,GENÇ PARTİ,303,0,0.0
YOZGAT,MEMLEKET PARTİSİ,1358,0,0.0
YOZGAT,BÜYÜK BİRLİK PARTİSİ,4300,0,0.0
YOZGAT,ADALET VE KALKINMA PARTİSİ,114949,2,1.5787461685907083
YOZGAT,YENİDEN REFAH PARTİSİ,11479,0,0.0
YOZGAT,MİLLİYETÇİ HAREKET PARTİSİ,60752,1,1.4935746422614347
YOZGAT,YEŞİLLER VE SOL GELECEK PARTİSİ,1766,0,0.0
YOZGAT,TÜRKİYE İŞÇİ PARTİSİ,733,0,0.0
YOZGAT,ADALET BİRLİK PARTİSİ,12,0,0.0
YOZGAT,ANAVATAN PARTİSİ,960,0,0.0
YOZGAT,YENİLİK PARTİSİ,61,0,0.0
YOZGAT,HALKIN KURTULUŞ PARTİSİ,254,0,0.0
YOZGAT,MİLLİ YOL PARTİSİ,1,0,0.0
YOZGAT,VATAN PARTİSİ,346,0,0.0
YOZGAT,GÜÇ BİRLİĞİ PARTİSİ,4,0,0.0
YOZGAT,CUMHURİYET HALK PARTİSİ,2073,0,0.0
YOZGAT,İYİ PARTİ,60001,1,1.512268906629334
YOZGAT,ADALET PARTİSİ,17,0,0.0
YOZGAT,ZAFER PARTİSİ,3413,0,0.0
YOZGAT,BAĞIMSIZLAR,0,0,0
ZONGULDAK,MİLLET PARTİSİ,647,0,0.0
ZONGULDAK,HAK VE ÖZGÜRLÜKLER PARTİSİ,659,0,0.0
ZONGULDAK,TÜRKİYE KOMÜNİST PARTİSİ,384,0,0.0
ZONGULDAK,TÜRKİYE KOMÜNİST HAREKETİ,176,0,0.0
ZONGULDAK,SOL PARTİ,325,0,0.0
ZONGULDAK,GENÇ PARTİ,1151,0,0.0
ZONGULDAK,MEMLEKET PARTİSİ,3640,0,0.0
ZONGULDAK,BÜYÜK BİRLİK PARTİSİ,3430,0,0.0
ZONGULDAK,ADALET VE KALKINMA PARTİSİ,162434,3,1.6758372015710996
ZONGULDAK,YENİDEN REFAH PARTİSİ,10093,0,0.0
ZONGULDAK,MİLLİYETÇİ HAREKET PARTİSİ,34230,0,0.0
ZONGULDAK,YEŞİLLER VE SOL GELECEK PARTİSİ,2631,0,0.0
ZONGULDAK,TÜRKİYE İŞÇİ PARTİSİ,2193,0,0.0
ZONGULDAK,ADALET BİRLİK PARTİSİ,854,0,0.0
ZONGULDAK,ANAVATAN PARTİSİ,1252,0,0.0
ZONGULDAK,YENİLİK PARTİSİ,149,0,0.0
ZONGULDAK,HALKIN KURTULUŞ PARTİSİ,426,0,0.0
ZONGULDAK,MİLLİ YOL PARTİSİ,2,0,0.0
ZONGULDAK,VATAN PARTİSİ,611,0,0.0
ZONGULDAK,GÜÇ BİRLİĞİ PARTİSİ,338,0,0.0
ZONGULDAK,CUMHURİYET HALK PARTİSİ,130037,2,1.3955665951485603
ZONGULDAK,İYİ PARTİ,40371,0,0.0
ZONGULDAK,ADALET PARTİSİ,2120,0,0.0
ZONGULDAK,ZAFER PARTİSİ,7254,0,0.0
ZONGULDAK,BAĞIMSIZLAR,121,0,0.0
